From Type,From Name, Edge Type, To Type, To Name
unit,ad,BOUGHT,unit,bk
unit,gv,BOUGHT,unit,gy
unit,sk,BOUGHT,unit,ox
unit,cj,BOUGHT,unit,xe
unit,bt,BOUGHT,unit,ke
unit,sp,BOUGHT,unit,lv
unit,tt,BOUGHT,unit,oi
unit,eg,BOUGHT,unit,oi
unit,hn,BOUGHT,unit,ii
unit,or,BOUGHT,unit,rs
unit,ws,BOUGHT,unit,zs
unit,lz,BOUGHT,unit,mu
unit,qp,BOUGHT,unit,tp
unit,pq,BOUGHT,unit,ve
unit,ri,BOUGHT,unit,io
unit,ex,BOUGHT,unit,yq
unit,iu,BOUGHT,unit,yu
unit,ns,BOUGHT,unit,ka
unit,aw,BOUGHT,unit,im
unit,lo,BOUGHT,unit,jf
unit,vc,BOUGHT,unit,yj
unit,kt,BOUGHT,unit,tx
unit,bt,BOUGHT,unit,ca
unit,ko,BOUGHT,unit,ny
unit,vf,BOUGHT,unit,tu
unit,qi,BOUGHT,unit,nc
unit,qt,BOUGHT,unit,fn
unit,af,BOUGHT,unit,po
unit,gx,BOUGHT,unit,lb
unit,sn,BOUGHT,unit,qc
unit,cg,BOUGHT,unit,lo
unit,vg,BOUGHT,unit,in
unit,mm,BOUGHT,unit,kt
unit,uf,BOUGHT,unit,kw
unit,ue,BOUGHT,unit,hs
unit,bd,BOUGHT,unit,kx
unit,iw,BOUGHT,unit,sm
unit,ti,BOUGHT,unit,sk
unit,lw,BOUGHT,unit,ks
unit,mu,BOUGHT,unit,wy
unit,wt,BOUGHT,unit,nm
unit,xz,BOUGHT,unit,yd
unit,wu,BOUGHT,unit,fw
unit,di,BOUGHT,unit,fc
unit,xc,BOUGHT,unit,zg
unit,vi,BOUGHT,unit,xt
unit,gv,BOUGHT,unit,co
unit,ao,BOUGHT,unit,wu
unit,np,BOUGHT,unit,gf
unit,sv,BOUGHT,unit,bm
unit,zb,BOUGHT,unit,yr
unit,yv,BOUGHT,unit,iy
unit,mp,BOUGHT,unit,ko
unit,ck,BOUGHT,unit,qu
unit,rh,BOUGHT,unit,hm
unit,my,BOUGHT,unit,hk
unit,sm,BOUGHT,unit,at
unit,pr,BOUGHT,unit,gz
unit,ui,BOUGHT,unit,rl
unit,yq,BOUGHT,unit,lc
unit,sn,BOUGHT,unit,di
unit,wa,BOUGHT,unit,ep
unit,qs,BOUGHT,unit,ur
unit,es,BOUGHT,unit,mh
unit,bq,BOUGHT,unit,dl
unit,pe,BOUGHT,unit,xi
unit,mq,BOUGHT,unit,jd
unit,ew,BOUGHT,unit,mb
unit,pv,BOUGHT,unit,vd
unit,uc,BOUGHT,unit,xm
unit,zr,BOUGHT,unit,fe
unit,qd,BOUGHT,unit,fb
unit,pv,BOUGHT,unit,pd
unit,tn,BOUGHT,unit,lx
unit,cd,BOUGHT,unit,ss
unit,jr,BOUGHT,unit,lr
unit,ek,BOUGHT,unit,ve
unit,zu,BOUGHT,unit,ab
unit,jd,BOUGHT,unit,ll
unit,yr,BOUGHT,unit,ye
unit,zc,BOUGHT,unit,ud
unit,zt,BOUGHT,unit,rq
unit,cu,BOUGHT,unit,ov
unit,za,BOUGHT,unit,ts
unit,zi,BOUGHT,unit,hf
unit,lo,BOUGHT,unit,ut
unit,la,BOUGHT,unit,zr
unit,to,BOUGHT,unit,ft
unit,yp,BOUGHT,unit,ul
unit,cj,BOUGHT,unit,cu
unit,ms,BOUGHT,unit,ov
unit,xq,BOUGHT,unit,xv
unit,gy,BOUGHT,unit,co
unit,la,BOUGHT,unit,kk
unit,oj,BOUGHT,unit,pl
unit,no,BOUGHT,unit,bv
unit,vr,BOUGHT,unit,ch
unit,mn,BOUGHT,unit,op
unit,go,BOUGHT,unit,pj
unit,cz,BOUGHT,unit,ye
unit,jv,BOUGHT,unit,sv
unit,bn,BOUGHT,unit,fb
unit,ym,BOUGHT,unit,gt
unit,ck,BOUGHT,unit,ub
unit,mf,BOUGHT,unit,tm
unit,tq,BOUGHT,unit,nb
unit,nl,BOUGHT,unit,is
unit,ui,BOUGHT,unit,cg
unit,wk,BOUGHT,unit,ja
unit,mh,BOUGHT,unit,fu
unit,ex,BOUGHT,unit,fi
unit,fv,BOUGHT,unit,ue
unit,mx,BOUGHT,unit,on
unit,ke,BOUGHT,unit,bl
unit,ed,BOUGHT,unit,lx
unit,rf,BOUGHT,unit,dc
unit,bt,BOUGHT,unit,ks
unit,da,BOUGHT,unit,hh
unit,hq,BOUGHT,unit,mu
unit,mf,BOUGHT,unit,pf
unit,ht,BOUGHT,unit,ef
unit,jp,BOUGHT,unit,bu
unit,pn,BOUGHT,unit,rt
unit,dj,BOUGHT,unit,rs
unit,xr,BOUGHT,unit,zq
unit,sk,BOUGHT,unit,ed
unit,mg,BOUGHT,unit,ch
unit,uv,BOUGHT,unit,sf
unit,rm,BOUGHT,unit,tu
unit,ts,BOUGHT,unit,st
unit,pj,BOUGHT,unit,gk
unit,ms,BOUGHT,unit,ej
unit,vv,BOUGHT,unit,xe
unit,xb,BOUGHT,unit,ql
unit,hs,BOUGHT,unit,sb
unit,dt,BOUGHT,unit,tx
unit,pm,BOUGHT,unit,el
unit,dg,BOUGHT,unit,zv
unit,wt,BOUGHT,unit,fn
unit,sj,BOUGHT,unit,we
unit,lp,BOUGHT,unit,ik
unit,vk,BOUGHT,unit,gi
unit,nt,BOUGHT,unit,bw
unit,lc,BOUGHT,unit,rk
unit,zp,BOUGHT,unit,pa
unit,rm,BOUGHT,unit,za
unit,gv,BOUGHT,unit,lh
unit,on,BOUGHT,unit,cg
unit,bo,BOUGHT,unit,tp
unit,ga,BOUGHT,unit,kq
unit,xf,BOUGHT,unit,by
unit,lk,BOUGHT,unit,sn
unit,ay,BOUGHT,unit,xh
unit,au,BOUGHT,unit,dh
unit,hz,BOUGHT,unit,ii
unit,ad,BOUGHT,unit,bs
unit,sk,BOUGHT,unit,zv
unit,po,BOUGHT,unit,tn
unit,zr,BOUGHT,unit,jq
unit,tn,BOUGHT,unit,bd
unit,ua,BOUGHT,unit,bo
unit,bd,BOUGHT,unit,af
unit,yu,BOUGHT,unit,co
unit,bh,BOUGHT,unit,hu
unit,iw,BOUGHT,unit,jh
unit,ob,BOUGHT,unit,mt
unit,dn,BOUGHT,unit,bk
unit,iu,BOUGHT,unit,hj
unit,ul,BOUGHT,unit,yc
unit,vq,BOUGHT,unit,sn
unit,wr,BOUGHT,unit,bb
unit,vc,BOUGHT,unit,wc
unit,ya,BOUGHT,unit,wl
unit,sw,BOUGHT,unit,xp
unit,nr,BOUGHT,unit,jf
unit,jc,BOUGHT,unit,fw
unit,qi,BOUGHT,unit,ty
unit,be,BOUGHT,unit,mp
unit,ii,BOUGHT,unit,mz
unit,hf,BOUGHT,unit,zd
unit,ox,BOUGHT,unit,ti
unit,ku,BOUGHT,unit,mh
unit,jt,BOUGHT,unit,wr
unit,uc,BOUGHT,unit,lh
unit,pu,BOUGHT,unit,kk
unit,sv,BOUGHT,unit,yu
unit,ga,BOUGHT,unit,xp
unit,bx,BOUGHT,unit,rh
unit,nu,BOUGHT,unit,fz
unit,sp,BOUGHT,unit,bn
unit,ei,BOUGHT,unit,rh
unit,ft,BOUGHT,unit,de
unit,mq,BOUGHT,unit,kp
unit,mr,BOUGHT,unit,pc
unit,rx,BOUGHT,unit,tl
unit,tg,BOUGHT,unit,wr
unit,su,BOUGHT,unit,vm
unit,aj,BOUGHT,unit,ah
unit,ny,BOUGHT,unit,dc
unit,ni,BOUGHT,unit,uo
unit,vq,BOUGHT,unit,mh
unit,qd,BOUGHT,unit,uo
unit,za,BOUGHT,unit,ad
unit,pu,BOUGHT,unit,rc
unit,bu,BOUGHT,unit,hs
unit,nz,BOUGHT,unit,zy
unit,ca,BOUGHT,unit,bl
unit,on,BOUGHT,unit,qw
unit,ut,BOUGHT,unit,rl
unit,rm,BOUGHT,unit,bn
unit,jm,BOUGHT,unit,lo
unit,io,BOUGHT,unit,ij
unit,vc,BOUGHT,unit,qo
unit,gm,BOUGHT,unit,ul
unit,fu,BOUGHT,unit,qc
unit,uw,BOUGHT,unit,pv
unit,lu,BOUGHT,unit,ao
unit,jb,BOUGHT,unit,tk
unit,fs,BOUGHT,unit,qz
unit,hb,BOUGHT,unit,hc
unit,zb,BOUGHT,unit,zv
unit,wu,BOUGHT,unit,uc
unit,ta,BOUGHT,unit,kl
unit,aa,BOUGHT,unit,on
unit,fi,BOUGHT,unit,wj
unit,rv,BOUGHT,unit,it
unit,qa,BOUGHT,unit,fu
unit,nk,BOUGHT,unit,ne
unit,hi,BOUGHT,unit,sr
unit,zr,BOUGHT,unit,rc
unit,hk,BOUGHT,unit,it
unit,cs,BOUGHT,unit,oy
unit,zo,BOUGHT,unit,tr
unit,qh,BOUGHT,unit,af
unit,da,BOUGHT,unit,pb
unit,hk,BOUGHT,unit,jz
unit,wg,BOUGHT,unit,ms
unit,ym,BOUGHT,unit,ez
unit,yp,BOUGHT,unit,yc
unit,ly,BOUGHT,unit,fw
unit,qt,BOUGHT,unit,lr
unit,od,BOUGHT,unit,ya
unit,wk,BOUGHT,unit,my
unit,qu,BOUGHT,unit,nh
unit,ka,BOUGHT,unit,xq
unit,tq,BOUGHT,unit,og
unit,kz,BOUGHT,unit,fn
unit,ko,BOUGHT,unit,be
unit,jt,BOUGHT,unit,rj
unit,dj,BOUGHT,unit,pm
unit,vd,BOUGHT,unit,zk
unit,uu,BOUGHT,unit,hl
unit,cp,BOUGHT,unit,dh
unit,sp,BOUGHT,unit,bs
unit,rv,BOUGHT,unit,ch
unit,fz,BOUGHT,unit,ah
unit,cn,BOUGHT,unit,nz
unit,sd,BOUGHT,unit,fj
unit,ub,BOUGHT,unit,pg
unit,vo,BOUGHT,unit,jd
unit,gb,BOUGHT,unit,bw
unit,fr,BOUGHT,unit,li
unit,jb,BOUGHT,unit,fc
unit,nb,BOUGHT,unit,hu
unit,yi,BOUGHT,unit,ff
unit,kj,BOUGHT,unit,li
unit,eb,BOUGHT,unit,op
unit,wa,BOUGHT,unit,hq
unit,fs,BOUGHT,unit,kc
unit,tv,BOUGHT,unit,nm
unit,lv,BOUGHT,unit,bs
unit,qt,BOUGHT,unit,uu
unit,wk,BOUGHT,unit,cy
unit,ri,BOUGHT,unit,rx
unit,mg,BOUGHT,unit,cy
unit,yx,BOUGHT,unit,zm
unit,gt,BOUGHT,unit,hr
unit,xk,BOUGHT,unit,nz
unit,st,BOUGHT,unit,rx
unit,xi,BOUGHT,unit,rq
unit,uq,BOUGHT,unit,qj
unit,qi,BOUGHT,unit,pc
unit,kh,BOUGHT,unit,kc
unit,bu,BOUGHT,unit,mq
unit,ew,BOUGHT,unit,xr
unit,vi,BOUGHT,unit,ez
unit,sr,BOUGHT,unit,lc
unit,zb,BOUGHT,unit,mc
unit,ke,BOUGHT,unit,ca
unit,xr,BOUGHT,unit,to
unit,zq,BOUGHT,unit,xp
unit,qa,BOUGHT,unit,di
unit,mg,BOUGHT,unit,wk
unit,aa,BOUGHT,unit,jm
unit,ol,BOUGHT,unit,zr
unit,st,BOUGHT,unit,zi
unit,nv,BOUGHT,unit,hn
unit,gy,BOUGHT,unit,ao
unit,ga,BOUGHT,unit,ro
unit,cu,BOUGHT,unit,kt
unit,eu,BOUGHT,unit,jr
unit,oh,BOUGHT,unit,ym
unit,ty,BOUGHT,unit,ph
unit,io,BOUGHT,unit,re
unit,za,BOUGHT,unit,lv
unit,jv,BOUGHT,unit,oj
unit,xu,BOUGHT,unit,xe
unit,kc,BOUGHT,unit,zs
unit,ly,BOUGHT,unit,wu
unit,kc,BOUGHT,unit,se
unit,wc,BOUGHT,unit,kc
unit,av,BOUGHT,unit,ri
unit,fj,BOUGHT,unit,zo
unit,ax,BOUGHT,unit,sc
unit,ql,BOUGHT,unit,vp
unit,vg,BOUGHT,unit,cn
unit,sr,BOUGHT,unit,tm
unit,dy,BOUGHT,unit,qv
unit,io,BOUGHT,unit,xa
unit,ll,BOUGHT,unit,lm
unit,td,BOUGHT,unit,sf
unit,ep,BOUGHT,unit,hq
unit,gm,BOUGHT,unit,tq
unit,rg,BOUGHT,unit,vl
unit,an,BOUGHT,unit,qe
unit,kl,BOUGHT,unit,ho
unit,to,BOUGHT,unit,xp
unit,qa,BOUGHT,unit,qc
unit,dk,BOUGHT,unit,fj
unit,yb,BOUGHT,unit,je
unit,gv,BOUGHT,unit,fw
unit,by,BOUGHT,unit,dk
unit,kf,BOUGHT,unit,nh
unit,ac,BOUGHT,unit,nk
unit,ve,BOUGHT,unit,lw
unit,hu,BOUGHT,unit,yc
unit,fj,BOUGHT,unit,lb
unit,zs,BOUGHT,unit,sm
unit,mm,BOUGHT,unit,us
unit,jt,BOUGHT,unit,zv
unit,so,BOUGHT,unit,go
unit,ng,BOUGHT,unit,ih
unit,wg,BOUGHT,unit,id
unit,dh,BOUGHT,unit,ph
unit,vm,BOUGHT,unit,bk
unit,tv,BOUGHT,unit,dv
unit,ub,BOUGHT,unit,te
unit,wj,BOUGHT,unit,px
unit,ed,BOUGHT,unit,iv
unit,hn,BOUGHT,unit,bf
unit,om,BOUGHT,unit,yv
unit,pi,BOUGHT,unit,ra
unit,td,BOUGHT,unit,qb
unit,nu,BOUGHT,unit,uq
unit,jv,BOUGHT,unit,oy
unit,ef,BOUGHT,unit,my
unit,bh,BOUGHT,unit,da
unit,qv,BOUGHT,unit,bi
unit,iy,BOUGHT,unit,no
unit,ct,BOUGHT,unit,wy
unit,bh,BOUGHT,unit,hh
unit,hf,BOUGHT,unit,ar
unit,ot,BOUGHT,unit,xo
unit,rc,BOUGHT,unit,ne
unit,jr,BOUGHT,unit,kz
unit,jd,BOUGHT,unit,lm
unit,vk,BOUGHT,unit,oj
unit,gh,BOUGHT,unit,om
unit,fb,BOUGHT,unit,pd
unit,pq,BOUGHT,unit,bl
unit,sj,BOUGHT,unit,bo
unit,nf,BOUGHT,unit,xx
unit,rx,BOUGHT,unit,ze
unit,mt,BOUGHT,unit,jv
unit,dv,BOUGHT,unit,aq
unit,ar,BOUGHT,unit,yf
unit,xc,BOUGHT,unit,bo
unit,ma,BOUGHT,unit,su
unit,nq,BOUGHT,unit,zi
unit,vg,BOUGHT,unit,as
unit,po,BOUGHT,unit,bd
unit,ht,BOUGHT,unit,zc
unit,ny,BOUGHT,unit,lb
unit,tm,BOUGHT,unit,wj
unit,fi,BOUGHT,unit,eg
unit,fc,BOUGHT,unit,qa
unit,po,BOUGHT,unit,lx
unit,gx,BOUGHT,unit,mu
unit,bk,BOUGHT,unit,um
unit,ao,BOUGHT,unit,fw
unit,aw,BOUGHT,unit,ye
unit,tj,BOUGHT,unit,nj
unit,mx,BOUGHT,unit,ut
unit,bu,BOUGHT,unit,fv
unit,xb,BOUGHT,unit,uq
unit,rs,BOUGHT,unit,cz
unit,la,BOUGHT,unit,rg
unit,mu,BOUGHT,unit,yx
unit,dh,BOUGHT,unit,nc
unit,vq,BOUGHT,unit,es
unit,se,BOUGHT,unit,iw
unit,cj,BOUGHT,unit,ny
unit,bh,BOUGHT,unit,mh
unit,iv,BOUGHT,unit,qz
unit,dc,BOUGHT,unit,mp
unit,zu,BOUGHT,unit,jp
unit,cm,BOUGHT,unit,jr
unit,lh,BOUGHT,unit,xm
unit,aj,BOUGHT,unit,tn
unit,ay,BOUGHT,unit,hc
unit,sm,BOUGHT,unit,kh
unit,nm,BOUGHT,unit,up
unit,cq,BOUGHT,unit,kf
unit,se,BOUGHT,unit,sm
unit,xt,BOUGHT,unit,oh
unit,ye,BOUGHT,unit,el
unit,ek,BOUGHT,unit,bt
unit,st,BOUGHT,unit,za
unit,dk,BOUGHT,unit,gx
unit,xk,BOUGHT,unit,ih
unit,rt,BOUGHT,unit,xk
unit,tj,BOUGHT,unit,nl
unit,pm,BOUGHT,unit,cz
unit,qv,BOUGHT,unit,pg
unit,vn,BOUGHT,unit,zp
unit,ye,BOUGHT,unit,sh
unit,xx,BOUGHT,unit,ct
unit,bs,BOUGHT,unit,nq
unit,bl,BOUGHT,unit,lw
unit,nu,BOUGHT,unit,zg
unit,ad,BOUGHT,unit,bn
unit,yu,BOUGHT,unit,hj
unit,oz,BOUGHT,unit,yk
unit,li,BOUGHT,unit,vv
unit,mw,BOUGHT,unit,sf
unit,so,BOUGHT,unit,bq
unit,uj,BOUGHT,unit,kt
unit,wv,BOUGHT,unit,qp
unit,sn,BOUGHT,unit,mh
unit,le,BOUGHT,unit,oe
unit,ti,BOUGHT,unit,xj
unit,lq,BOUGHT,unit,qh
unit,lp,BOUGHT,unit,rx
unit,co,BOUGHT,unit,ly
unit,uu,BOUGHT,unit,fn
unit,oy,BOUGHT,unit,hj
unit,lw,BOUGHT,unit,qc
unit,vo,BOUGHT,unit,lm
unit,sw,BOUGHT,unit,zq
unit,wo,BOUGHT,unit,fr
unit,mn,BOUGHT,unit,pn
unit,je,BOUGHT,unit,ke
unit,vr,BOUGHT,unit,wk
unit,wg,BOUGHT,unit,kt
unit,eg,BOUGHT,unit,sr
unit,ls,BOUGHT,unit,cd
unit,lv,BOUGHT,unit,bn
unit,xp,BOUGHT,unit,xr
unit,lm,BOUGHT,unit,zu
unit,jd,BOUGHT,unit,ab
unit,iw,BOUGHT,unit,od
unit,ae,BOUGHT,unit,qy
unit,rr,BOUGHT,unit,nf
unit,ns,BOUGHT,unit,hm
unit,ma,BOUGHT,unit,mf
unit,vj,BOUGHT,unit,ay
unit,gr,BOUGHT,unit,or
unit,xv,BOUGHT,unit,zt
unit,bs,BOUGHT,unit,st
unit,ah,BOUGHT,unit,vb
unit,gu,BOUGHT,unit,la
unit,od,BOUGHT,unit,et
unit,ta,BOUGHT,unit,ya
unit,nh,BOUGHT,unit,pg
unit,mw,BOUGHT,unit,ae
unit,vr,BOUGHT,unit,hk
unit,rw,BOUGHT,unit,vt
unit,ph,BOUGHT,unit,pc
unit,qw,BOUGHT,unit,jf
unit,mn,BOUGHT,unit,hg
unit,gm,BOUGHT,unit,da
unit,oy,BOUGHT,unit,mg
unit,xh,BOUGHT,unit,wl
unit,ao,BOUGHT,unit,gv
unit,ts,BOUGHT,unit,bs
unit,xx,BOUGHT,unit,lz
unit,hq,BOUGHT,unit,wv
unit,xz,BOUGHT,unit,mk
unit,mu,BOUGHT,unit,xx
unit,qm,BOUGHT,unit,el
unit,ul,BOUGHT,unit,tq
unit,jg,BOUGHT,unit,jz
unit,sn,BOUGHT,unit,rk
unit,bm,BOUGHT,unit,sd
unit,uw,BOUGHT,unit,jb
unit,sm,BOUGHT,unit,ws
unit,um,BOUGHT,unit,oe
unit,ym,BOUGHT,unit,ra
unit,hr,BOUGHT,unit,ql
unit,ji,BOUGHT,unit,ns
unit,sj,BOUGHT,unit,ua
unit,hu,BOUGHT,unit,tq
unit,xw,BOUGHT,unit,xc
unit,gr,BOUGHT,unit,mc
unit,yd,BOUGHT,unit,xi
unit,my,BOUGHT,unit,ch
unit,bi,BOUGHT,unit,kf
unit,lt,BOUGHT,unit,lr
unit,pw,BOUGHT,unit,og
unit,nk,BOUGHT,unit,gz
unit,xg,BOUGHT,unit,fq
unit,pj,BOUGHT,unit,wt
unit,ts,BOUGHT,unit,nq
unit,vm,BOUGHT,unit,mx
unit,mj,BOUGHT,unit,nv
unit,xy,BOUGHT,unit,xb
unit,lo,BOUGHT,unit,ui
unit,ma,BOUGHT,unit,le
unit,qh,BOUGHT,unit,ue
unit,ma,BOUGHT,unit,ic
unit,zs,BOUGHT,unit,wc
unit,pz,BOUGHT,unit,wl
unit,pn,BOUGHT,unit,hi
unit,qo,BOUGHT,unit,xw
unit,nh,BOUGHT,unit,dy
unit,or,BOUGHT,unit,ye
unit,xk,BOUGHT,unit,mn
unit,mx,BOUGHT,unit,jm
unit,hj,BOUGHT,unit,gi
unit,lr,BOUGHT,unit,kz
unit,es,BOUGHT,unit,sn
unit,xr,BOUGHT,unit,ve
unit,mv,BOUGHT,unit,hb
unit,ot,BOUGHT,unit,np
unit,hs,BOUGHT,unit,vo
unit,qi,BOUGHT,unit,gb
unit,sp,BOUGHT,unit,zi
unit,xp,BOUGHT,unit,ng
unit,ke,BOUGHT,unit,kb
unit,cp,BOUGHT,unit,ys
unit,hc,BOUGHT,unit,kl
unit,im,BOUGHT,unit,yk
unit,ih,BOUGHT,unit,xg
unit,ih,BOUGHT,unit,op
unit,aa,BOUGHT,unit,nr
unit,ac,BOUGHT,unit,mk
unit,vf,BOUGHT,unit,ts
unit,ji,BOUGHT,unit,xv
unit,ms,BOUGHT,unit,uj
unit,sb,BOUGHT,unit,ue
unit,tr,BOUGHT,unit,by
unit,ap,BOUGHT,unit,ta
unit,ra,BOUGHT,unit,gf
unit,fb,BOUGHT,unit,uw
unit,lg,BOUGHT,unit,dt
unit,wi,BOUGHT,unit,an
unit,us,BOUGHT,unit,wg
unit,qm,BOUGHT,unit,ap
unit,tl,BOUGHT,unit,ja
unit,px,BOUGHT,unit,vl
unit,iv,BOUGHT,unit,bd
unit,sc,BOUGHT,unit,qp
unit,rt,BOUGHT,unit,eb
unit,ty,BOUGHT,unit,cp
unit,fb,BOUGHT,unit,zh
unit,te,BOUGHT,unit,dy
unit,tv,BOUGHT,unit,nq
unit,do,BOUGHT,unit,av
unit,uj,BOUGHT,unit,lg
unit,uw,BOUGHT,unit,ni
unit,ox,BOUGHT,unit,xj
unit,ub,BOUGHT,unit,zk
unit,qs,BOUGHT,unit,yi
unit,ys,BOUGHT,unit,mr
unit,pf,BOUGHT,unit,ni
unit,rd,BOUGHT,unit,jl
unit,kk,BOUGHT,unit,rg
unit,mv,BOUGHT,unit,ls
unit,ft,BOUGHT,unit,sw
unit,ao,BOUGHT,unit,ly
unit,im,BOUGHT,unit,oh
unit,qf,BOUGHT,unit,kw
unit,kb,BOUGHT,unit,je
unit,kr,BOUGHT,unit,jr
unit,rm,BOUGHT,unit,vf
unit,it,BOUGHT,unit,dk
unit,fs,BOUGHT,unit,lq
unit,ke,BOUGHT,unit,pq
unit,qc,BOUGHT,unit,di
unit,to,BOUGHT,unit,oo
unit,gt,BOUGHT,unit,oz
unit,gu,BOUGHT,unit,kk
unit,kx,BOUGHT,unit,tn
unit,zk,BOUGHT,unit,pg
unit,ub,BOUGHT,unit,vd
unit,ws,BOUGHT,unit,jh
unit,gh,BOUGHT,unit,iy
unit,kt,BOUGHT,unit,ov
unit,os,BOUGHT,unit,rh
unit,so,BOUGHT,unit,up
unit,lu,BOUGHT,unit,gy
unit,iw,BOUGHT,unit,at
unit,qz,BOUGHT,unit,bd
unit,hb,BOUGHT,unit,zz
unit,qu,BOUGHT,unit,dy
unit,pj,BOUGHT,unit,up
unit,je,BOUGHT,unit,ek
unit,ah,BOUGHT,unit,zg
unit,id,BOUGHT,unit,ov
unit,xm,BOUGHT,unit,ly
unit,xt,BOUGHT,unit,gt
unit,my,BOUGHT,unit,mg
unit,ba,BOUGHT,unit,op
unit,gi,BOUGHT,unit,iu
unit,qu,BOUGHT,unit,zk
unit,ze,BOUGHT,unit,ja
unit,ob,BOUGHT,unit,hb
unit,wc,BOUGHT,unit,et
unit,el,BOUGHT,unit,or
unit,cs,BOUGHT,unit,sd
unit,ya,BOUGHT,unit,xh
unit,cz,BOUGHT,unit,fv
unit,wt,BOUGHT,unit,go
unit,al,BOUGHT,unit,pd
unit,cz,BOUGHT,unit,is
unit,ku,BOUGHT,unit,fu
unit,rq,BOUGHT,unit,jl
unit,ew,BOUGHT,unit,sw
unit,ql,BOUGHT,unit,uq
unit,ff,BOUGHT,unit,ou
unit,xj,BOUGHT,unit,dg
unit,ik,BOUGHT,unit,hb
unit,po,BOUGHT,unit,iv
unit,qd,BOUGHT,unit,ms
unit,jw,BOUGHT,unit,zo
unit,um,BOUGHT,unit,ic
unit,mp,BOUGHT,unit,xt
unit,ly,BOUGHT,unit,lh
unit,um,BOUGHT,unit,vm
unit,ab,BOUGHT,unit,ue
unit,kr,BOUGHT,unit,yb
unit,tj,BOUGHT,unit,is
unit,ob,BOUGHT,unit,bx
unit,hc,BOUGHT,unit,ix
unit,yd,BOUGHT,unit,ac
unit,kj,BOUGHT,unit,ex
unit,nq,BOUGHT,unit,tu
unit,pb,BOUGHT,unit,hh
unit,qt,BOUGHT,unit,jr
unit,an,BOUGHT,unit,ec
unit,jr,BOUGHT,unit,lt
unit,gk,BOUGHT,unit,vp
unit,cq,BOUGHT,unit,dy
unit,we,BOUGHT,unit,rp
unit,if,BOUGHT,unit,ez
unit,tr,BOUGHT,unit,dk
unit,cd,BOUGHT,unit,mv
unit,ls,BOUGHT,unit,bx
unit,ch,BOUGHT,unit,it
unit,mv,BOUGHT,unit,bx
unit,oo,BOUGHT,unit,bq
unit,fb,BOUGHT,unit,pv
unit,wh,BOUGHT,unit,hf
unit,oo,BOUGHT,unit,dl
unit,cq,BOUGHT,unit,ub
unit,bb,BOUGHT,unit,rj
unit,ay,BOUGHT,unit,ya
unit,lc,BOUGHT,unit,eg
unit,of,BOUGHT,unit,ze
unit,od,BOUGHT,unit,sm
unit,fj,BOUGHT,unit,oi
unit,xu,BOUGHT,unit,be
unit,rj,BOUGHT,unit,zv
unit,le,BOUGHT,unit,kw
unit,dg,BOUGHT,unit,tg
unit,if,BOUGHT,unit,yk
unit,xg,BOUGHT,unit,ac
unit,gh,BOUGHT,unit,am
unit,up,BOUGHT,unit,dv
unit,ku,BOUGHT,unit,sn
unit,zd,BOUGHT,unit,vn
unit,hn,BOUGHT,unit,nt
unit,yr,BOUGHT,unit,pm
unit,du,BOUGHT,unit,vv
unit,se,BOUGHT,unit,kh
unit,vr,BOUGHT,unit,vx
unit,xj,BOUGHT,unit,ml
unit,fr,BOUGHT,unit,bi
unit,gk,BOUGHT,unit,so
unit,gm,BOUGHT,unit,pd
unit,av,BOUGHT,unit,tl
unit,ji,BOUGHT,unit,ka
unit,ep,BOUGHT,unit,wv
unit,io,BOUGHT,unit,mc
unit,vu,BOUGHT,unit,pf
unit,kl,BOUGHT,unit,wn
unit,cq,BOUGHT,unit,ck
unit,ny,BOUGHT,unit,fr
unit,hz,BOUGHT,unit,py
unit,vt,BOUGHT,unit,ae
unit,qi,BOUGHT,unit,au
unit,sr,BOUGHT,unit,fi
unit,ue,BOUGHT,unit,zu
unit,dy,BOUGHT,unit,ck
unit,ho,BOUGHT,unit,ay
unit,vk,BOUGHT,unit,oy
unit,tt,BOUGHT,unit,tr
unit,qq,BOUGHT,unit,fz
unit,wv,BOUGHT,unit,wy
unit,cm,BOUGHT,unit,lr
unit,op,BOUGHT,unit,xg
unit,at,BOUGHT,unit,rr
unit,id,BOUGHT,unit,uj
unit,qo,BOUGHT,unit,mj
unit,uf,BOUGHT,unit,vm
unit,wj,BOUGHT,unit,jc
unit,tf,BOUGHT,unit,yd
unit,qd,BOUGHT,unit,ni
unit,tt,BOUGHT,unit,by
unit,iy,BOUGHT,unit,ea
unit,yk,BOUGHT,unit,vi
unit,ct,BOUGHT,unit,lz
unit,fv,BOUGHT,unit,ab
unit,kb,BOUGHT,unit,bl
unit,lx,BOUGHT,unit,bd
unit,hj,BOUGHT,unit,sd
unit,fn,BOUGHT,unit,kr
unit,sk,BOUGHT,unit,bb
unit,kh,BOUGHT,unit,at
unit,rh,BOUGHT,unit,ka
unit,bd,BOUGHT,unit,qh
unit,ra,BOUGHT,unit,if
unit,fi,BOUGHT,unit,iq
unit,hz,BOUGHT,unit,yj
unit,nb,BOUGHT,unit,gm
unit,qe,BOUGHT,unit,ob
unit,kf,BOUGHT,unit,ck
unit,rb,BOUGHT,unit,ei
unit,xv,BOUGHT,unit,ei
unit,cy,BOUGHT,unit,jz
unit,hf,BOUGHT,unit,pa
unit,gb,BOUGHT,unit,ph
unit,wa,BOUGHT,unit,oh
unit,mh,BOUGHT,unit,qa
unit,gl,BOUGHT,unit,ax
unit,ta,BOUGHT,unit,ua
unit,sr,BOUGHT,unit,kj
unit,md,BOUGHT,unit,xk
unit,st,BOUGHT,unit,bn
unit,xz,BOUGHT,unit,na
unit,vc,BOUGHT,unit,py
unit,dq,BOUGHT,unit,kr
unit,fw,BOUGHT,unit,uc
unit,wx,BOUGHT,unit,ti
unit,cb,BOUGHT,unit,ar
unit,ss,BOUGHT,unit,qe
unit,xy,BOUGHT,unit,qj
unit,ez,BOUGHT,unit,aw
unit,cj,BOUGHT,unit,wo
unit,us,BOUGHT,unit,qa
unit,bq,BOUGHT,unit,nm
unit,up,BOUGHT,unit,dl
unit,bu,BOUGHT,unit,ue
unit,wi,BOUGHT,unit,zp
unit,gz,BOUGHT,unit,tf
unit,pv,BOUGHT,unit,tc
unit,gu,BOUGHT,unit,pu
unit,fz,BOUGHT,unit,hr
unit,ho,BOUGHT,unit,pz
unit,sn,BOUGHT,unit,qa
unit,zg,BOUGHT,unit,qq
unit,dc,BOUGHT,unit,uf
unit,wu,BOUGHT,unit,gv
unit,ec,BOUGHT,unit,ik
unit,as,BOUGHT,unit,ff
unit,fn,BOUGHT,unit,gd
unit,um,BOUGHT,unit,dn
unit,nv,BOUGHT,unit,qo
unit,yc,BOUGHT,unit,pw
unit,wj,BOUGHT,unit,eg
unit,fs,BOUGHT,unit,po
unit,eu,BOUGHT,unit,kr
unit,da,BOUGHT,unit,pw
unit,xa,BOUGHT,unit,ja
unit,qe,BOUGHT,unit,mv
unit,zb,BOUGHT,unit,gr
unit,mq,BOUGHT,unit,hs
unit,yj,BOUGHT,unit,hn
unit,jm,BOUGHT,unit,qw
unit,jq,BOUGHT,unit,df
unit,ki,BOUGHT,unit,bk
unit,rn,BOUGHT,unit,co
unit,xu,BOUGHT,unit,mp
unit,lk,BOUGHT,unit,rk
unit,pn,BOUGHT,unit,xk
unit,jv,BOUGHT,unit,pl
unit,ae,BOUGHT,unit,td
unit,qo,BOUGHT,unit,hn
unit,hk,BOUGHT,unit,cy
unit,cp,BOUGHT,unit,yr
unit,id,BOUGHT,unit,ms
unit,bs,BOUGHT,unit,vf
unit,yx,BOUGHT,unit,xx
unit,zu,BOUGHT,unit,bu
unit,jn,BOUGHT,unit,zf
unit,uv,BOUGHT,unit,qb
unit,ar,BOUGHT,unit,zp
unit,id,BOUGHT,unit,kt
unit,rd,BOUGHT,unit,dk
unit,df,BOUGHT,unit,rc
unit,qz,BOUGHT,unit,ed
unit,sk,BOUGHT,unit,jt
unit,co,BOUGHT,unit,wu
unit,uq,BOUGHT,unit,zg
unit,iw,BOUGHT,unit,kh
unit,lq,BOUGHT,unit,tn
unit,am,BOUGHT,unit,tj
unit,gi,BOUGHT,unit,ur
unit,yv,BOUGHT,unit,ml
unit,de,BOUGHT,unit,zq
unit,ap,BOUGHT,unit,hc
unit,ik,BOUGHT,unit,an
unit,nu,BOUGHT,unit,xb
unit,jz,BOUGHT,unit,my
unit,ic,BOUGHT,unit,bk
unit,aq,BOUGHT,unit,wt
unit,zt,BOUGHT,unit,rh
unit,vg,BOUGHT,unit,zy
unit,lu,BOUGHT,unit,uc
unit,py,BOUGHT,unit,nv
unit,nl,BOUGHT,unit,no
unit,yr,BOUGHT,unit,dj
unit,aj,BOUGHT,unit,fs
unit,to,BOUGHT,unit,mb
unit,kj,BOUGHT,unit,pf
unit,yc,BOUGHT,unit,gm
unit,zv,BOUGHT,unit,jn
unit,zm,BOUGHT,unit,wa
unit,to,BOUGHT,unit,kq
unit,dc,BOUGHT,unit,be
unit,xx,BOUGHT,unit,wa
unit,nq,BOUGHT,unit,vf
unit,kk,BOUGHT,unit,zr
unit,jn,BOUGHT,unit,rj
unit,on,BOUGHT,unit,po
unit,xg,BOUGHT,unit,mn
unit,tg,BOUGHT,unit,zf
unit,cg,BOUGHT,unit,nr
unit,hm,BOUGHT,unit,ei
unit,fu,BOUGHT,unit,rk
unit,qc,BOUGHT,unit,mh
unit,mb,BOUGHT,unit,de
unit,ao,BOUGHT,unit,ph
unit,rs,BOUGHT,unit,sh
unit,pq,BOUGHT,unit,ca
unit,mn,BOUGHT,unit,fq
unit,ef,BOUGHT,unit,cy
unit,kk,BOUGHT,unit,jq
unit,we,BOUGHT,unit,pr
unit,jg,BOUGHT,unit,vx
unit,qu,BOUGHT,unit,da
unit,ew,BOUGHT,unit,gv
unit,aw,BOUGHT,unit,yk
unit,mc,BOUGHT,unit,rs
unit,yi,BOUGHT,unit,zw
unit,jg,BOUGHT,unit,ef
unit,hf,BOUGHT,unit,wi
unit,ny,BOUGHT,unit,wo
unit,lw,BOUGHT,unit,ca
unit,sc,BOUGHT,unit,bo
unit,pv,BOUGHT,unit,al
unit,vi,BOUGHT,unit,ym
unit,iv,BOUGHT,unit,qh
unit,xb,BOUGHT,unit,zg
unit,wx,BOUGHT,unit,tk
unit,ks,BOUGHT,unit,ke
unit,qs,BOUGHT,unit,cn
unit,ku,BOUGHT,unit,su
unit,ej,BOUGHT,unit,dt
unit,ap,BOUGHT,unit,ix
unit,qf,BOUGHT,unit,ki
unit,hu,BOUGHT,unit,gm
unit,to,BOUGHT,unit,ng
unit,xh,BOUGHT,unit,ho
unit,ni,BOUGHT,unit,jb
unit,ll,BOUGHT,unit,sb
unit,an,BOUGHT,unit,ls
unit,zo,BOUGHT,unit,oi
unit,zz,BOUGHT,unit,mv
unit,yd,BOUGHT,unit,pe
unit,lq,BOUGHT,unit,gb
unit,au,BOUGHT,unit,bw
unit,ou,BOUGHT,unit,zw
unit,ii,BOUGHT,unit,py
unit,hk,BOUGHT,unit,rv
unit,lp,BOUGHT,unit,ja
unit,ou,BOUGHT,unit,yi
unit,zz,BOUGHT,unit,ec
unit,pm,BOUGHT,unit,mc
unit,os,BOUGHT,unit,ka
unit,ke,BOUGHT,unit,ek
unit,jt,BOUGHT,unit,dg
unit,ck,BOUGHT,unit,zk
unit,ea,BOUGHT,unit,nj
unit,pw,BOUGHT,unit,tq
unit,ex,BOUGHT,unit,wj
unit,hf,BOUGHT,unit,zp
unit,oo,BOUGHT,unit,up
unit,sb,BOUGHT,unit,ab
unit,pq,BOUGHT,unit,ov
unit,eb,BOUGHT,unit,fq
unit,zw,BOUGHT,unit,eu
unit,kb,BOUGHT,unit,av
unit,ze,BOUGHT,unit,ri
unit,rr,BOUGHT,unit,wc
unit,ek,BOUGHT,unit,uo
unit,oi,BOUGHT,unit,by
unit,px,BOUGHT,unit,zr
unit,yi,BOUGHT,unit,cn
unit,eg,BOUGHT,unit,pf
unit,gp,BOUGHT,unit,es
unit,ec,BOUGHT,unit,ls
unit,ja,BOUGHT,unit,io
unit,ue,BOUGHT,unit,vo
unit,hu,BOUGHT,unit,hh
unit,lx,BOUGHT,unit,qh
unit,os,BOUGHT,unit,ht
unit,eb,BOUGHT,unit,ch
unit,ij,BOUGHT,unit,xa
unit,bv,BOUGHT,unit,yv
unit,pj,BOUGHT,unit,oo
unit,bi,BOUGHT,unit,ck
unit,ff,BOUGHT,unit,vg
unit,bv,BOUGHT,unit,om
unit,kl,BOUGHT,unit,pz
unit,xy,BOUGHT,unit,ah
unit,dn,BOUGHT,unit,ic
unit,uj,BOUGHT,unit,dt
unit,wr,BOUGHT,unit,zv
unit,fr,BOUGHT,unit,cj
unit,rs,BOUGHT,unit,xy
unit,ag,BOUGHT,unit,xp
unit,gi,BOUGHT,unit,cs
unit,qy,BOUGHT,unit,xo
unit,ry,BOUGHT,unit,ax
unit,ff,BOUGHT,unit,ur
unit,xz,BOUGHT,unit,pr
unit,zs,BOUGHT,unit,od
unit,bn,BOUGHT,unit,ts
unit,es,BOUGHT,unit,ze
unit,qy,BOUGHT,unit,qb
unit,yr,BOUGHT,unit,mc
unit,bi,BOUGHT,unit,pg
unit,re,BOUGHT,unit,do
unit,yx,BOUGHT,unit,nf
unit,hm,BOUGHT,unit,xv
unit,qh,BOUGHT,unit,kx
unit,qj,BOUGHT,unit,qq
unit,gd,BOUGHT,unit,jr
unit,cd,BOUGHT,unit,ob
unit,ct,BOUGHT,unit,hq
unit,hq,BOUGHT,unit,lz
unit,yf,BOUGHT,unit,ud
unit,pu,BOUGHT,unit,um
unit,ns,BOUGHT,unit,os
unit,rt,BOUGHT,unit,op
unit,ft,BOUGHT,unit,xa
unit,no,BOUGHT,unit,yv
unit,hm,BOUGHT,unit,xq
unit,kl,BOUGHT,unit,ya
unit,fc,BOUGHT,unit,mh
unit,sj,BOUGHT,unit,sc
unit,bi,BOUGHT,unit,ub
unit,wj,BOUGHT,unit,yq
unit,wt,BOUGHT,unit,dl
unit,fp,BOUGHT,unit,fj
unit,ka,BOUGHT,unit,ei
unit,ij,BOUGHT,unit,ri
unit,bv,BOUGHT,unit,nj
unit,wv,BOUGHT,unit,mu
unit,gm,BOUGHT,unit,yp
unit,dn,BOUGHT,unit,vm
unit,mt,BOUGHT,unit,zz
unit,nl,BOUGHT,unit,ea
unit,am,BOUGHT,unit,nl
unit,hc,BOUGHT,unit,wl
unit,oe,BOUGHT,unit,ki
unit,jl,BOUGHT,unit,nk
unit,zt,BOUGHT,unit,pl
unit,gc,BOUGHT,unit,wh
unit,vj,BOUGHT,unit,wn
unit,qe,BOUGHT,unit,fq
unit,qb,BOUGHT,unit,vt
unit,iq,BOUGHT,unit,sr
unit,ts,BOUGHT,unit,rm
unit,tp,BOUGHT,unit,ax
unit,mc,BOUGHT,unit,or
unit,st,BOUGHT,unit,ad
unit,fl,BOUGHT,unit,we
unit,aq,BOUGHT,unit,dl
unit,ii,BOUGHT,unit,sf
unit,gb,BOUGHT,unit,pc
unit,jp,BOUGHT,unit,ue
unit,mf,BOUGHT,unit,sr
unit,dj,BOUGHT,unit,zb
unit,xx,BOUGHT,unit,kp
unit,pb,BOUGHT,unit,yp
unit,wu,BOUGHT,unit,gy
unit,rl,BOUGHT,unit,fe
unit,dn,BOUGHT,unit,oe
unit,de,BOUGHT,unit,xp
unit,cq,BOUGHT,unit,ts
unit,zr,BOUGHT,unit,vl
unit,yx,BOUGHT,unit,wv
unit,qm,BOUGHT,unit,mc
unit,mv,BOUGHT,unit,dq
unit,mj,BOUGHT,unit,xw
unit,nb,BOUGHT,unit,ul
unit,ma,BOUGHT,unit,vm
unit,ki,BOUGHT,unit,um
unit,yb,BOUGHT,unit,pq
unit,vo,BOUGHT,unit,sb
unit,pf,BOUGHT,unit,fi
unit,gf,BOUGHT,unit,qy
unit,nt,BOUGHT,unit,qi
unit,mk,BOUGHT,unit,jl
unit,lm,BOUGHT,unit,ue
unit,kx,BOUGHT,unit,lx
unit,vr,BOUGHT,unit,ca
unit,nk,BOUGHT,unit,og
unit,xu,BOUGHT,unit,ny
unit,bb,BOUGHT,unit,jn
unit,ns,BOUGHT,unit,xv
unit,oh,BOUGHT,unit,ez
unit,ku,BOUGHT,unit,lk
unit,tg,BOUGHT,unit,jt
unit,wu,BOUGHT,unit,jc
unit,fb,BOUGHT,unit,tc
unit,wn,BOUGHT,unit,xh
unit,hu,BOUGHT,unit,yp
unit,on,BOUGHT,unit,jf
unit,rj,BOUGHT,unit,ox
unit,xf,BOUGHT,unit,zo
unit,bb,BOUGHT,unit,dg
unit,tr,BOUGHT,unit,gx
unit,op,BOUGHT,unit,sv
unit,qb,BOUGHT,unit,rw
unit,jq,BOUGHT,unit,rc
unit,ek,BOUGHT,unit,ca
unit,xq,BOUGHT,unit,ji
unit,yf,BOUGHT,unit,zd
unit,rt,BOUGHT,unit,xg
unit,pe,BOUGHT,unit,ac
unit,rl,BOUGHT,unit,nr
unit,ho,BOUGHT,unit,wn
unit,ko,BOUGHT,unit,fr
unit,wv,BOUGHT,unit,zm
unit,mb,BOUGHT,unit,sw
unit,hz,BOUGHT,unit,hn
unit,ht,BOUGHT,unit,rb
unit,wg,BOUGHT,unit,mb
unit,ic,BOUGHT,unit,kw
unit,zp,BOUGHT,unit,cb
unit,av,BOUGHT,unit,re
unit,te,BOUGHT,unit,cq
unit,kh,BOUGHT,unit,jh
unit,vu,BOUGHT,unit,fi
unit,tg,BOUGHT,unit,jn
unit,fc,BOUGHT,unit,qc
unit,tv,BOUGHT,unit,pj
unit,ja,BOUGHT,unit,av
unit,hl,BOUGHT,unit,eu
unit,fu,BOUGHT,unit,di
unit,xa,BOUGHT,unit,ri
unit,uw,BOUGHT,unit,pd
unit,qo,BOUGHT,unit,hz
unit,ap,BOUGHT,unit,wl
unit,mm,BOUGHT,unit,lg
unit,gi,BOUGHT,unit,pl
unit,vt,BOUGHT,unit,ot
unit,wt,BOUGHT,unit,bq
unit,ma,BOUGHT,unit,ki
unit,gu,BOUGHT,unit,vl
unit,ew,BOUGHT,unit,to
unit,oe,BOUGHT,unit,vm
unit,nl,BOUGHT,unit,ml
unit,tp,BOUGHT,unit,we
unit,wv,BOUGHT,unit,wa
unit,mp,BOUGHT,unit,vv
unit,nf,BOUGHT,unit,ep
unit,zl,BOUGHT,unit,ax
unit,mr,BOUGHT,unit,dh
unit,rq,BOUGHT,unit,na
unit,fc,BOUGHT,unit,rk
unit,tu,BOUGHT,unit,ts
unit,su,BOUGHT,unit,uf
unit,rc,BOUGHT,unit,rg
unit,ic,BOUGHT,unit,vm
unit,gp,BOUGHT,unit,sn
unit,id,BOUGHT,unit,mm
unit,ho,BOUGHT,unit,hc
unit,ng,BOUGHT,unit,mb
unit,ac,BOUGHT,unit,tf
unit,wg,BOUGHT,unit,ej
unit,kj,BOUGHT,unit,eg
unit,kh,BOUGHT,unit,ws
unit,kw,BOUGHT,unit,ki
unit,gh,BOUGHT,unit,tj
unit,zk,BOUGHT,unit,bi
unit,zy,BOUGHT,unit,cn
unit,rl,BOUGHT,unit,qw
unit,el,BOUGHT,unit,mc
unit,zz,BOUGHT,unit,ob
unit,tt,BOUGHT,unit,zo
unit,wx,BOUGHT,unit,zh
unit,ga,BOUGHT,unit,mb
unit,mt,BOUGHT,unit,hb
unit,yc,BOUGHT,unit,og
unit,yj,BOUGHT,unit,ii
unit,dt,BOUGHT,unit,ms
unit,ox,BOUGHT,unit,wy
unit,fe,BOUGHT,unit,mx
unit,hk,BOUGHT,unit,wk
unit,ap,BOUGHT,unit,vj
unit,vn,BOUGHT,unit,cb
unit,tv,BOUGHT,unit,aq
unit,wh,BOUGHT,unit,ar
unit,mn,BOUGHT,unit,gr
unit,jq,BOUGHT,unit,rg
unit,re,BOUGHT,unit,lp
unit,mt,BOUGHT,unit,ec
unit,gh,BOUGHT,unit,bv
unit,od,BOUGHT,unit,kc
unit,pz,BOUGHT,unit,ap
unit,ac,BOUGHT,unit,xz
unit,ll,BOUGHT,unit,mq
unit,ei,BOUGHT,unit,ns
unit,ov,BOUGHT,unit,uj
unit,vx,BOUGHT,unit,ef
unit,bh,BOUGHT,unit,yp
unit,kj,BOUGHT,unit,vu
unit,up,BOUGHT,unit,bq
unit,ho,BOUGHT,unit,vj
unit,gy,BOUGHT,unit,uc
unit,xw,BOUGHT,unit,nv
unit,co,BOUGHT,unit,fw
unit,gi,BOUGHT,unit,yu
unit,pj,BOUGHT,unit,bq
unit,tk,BOUGHT,unit,al
unit,nz,BOUGHT,unit,ur
unit,yf,BOUGHT,unit,zn
unit,mq,BOUGHT,unit,ab
unit,ni,BOUGHT,unit,tc
unit,sd,BOUGHT,unit,yu
unit,by,BOUGHT,unit,lb
unit,ut,BOUGHT,unit,fe
unit,qc,BOUGHT,unit,vq
unit,rl,BOUGHT,unit,lo
unit,wh,BOUGHT,unit,wi
unit,pb,BOUGHT,unit,ko
unit,xb,BOUGHT,unit,qq
unit,ac,BOUGHT,unit,jl
unit,zq,BOUGHT,unit,ga
unit,zk,BOUGHT,unit,cq
unit,nv,BOUGHT,unit,xc
unit,uc,BOUGHT,unit,co
unit,mx,BOUGHT,unit,rl
unit,wu,BOUGHT,unit,lh
unit,li,BOUGHT,unit,ko
unit,td,BOUGHT,unit,uv
unit,lq,BOUGHT,unit,af
unit,zc,BOUGHT,unit,ji
unit,qz,BOUGHT,unit,qh
unit,bt,BOUGHT,unit,py
unit,ya,BOUGHT,unit,vj
unit,ud,BOUGHT,unit,zp
unit,mx,BOUGHT,unit,nr
unit,mb,BOUGHT,unit,zq
unit,ml,BOUGHT,unit,gh
unit,lu,BOUGHT,unit,gc
unit,vu,BOUGHT,unit,tm
unit,rf,BOUGHT,unit,xu
unit,vn,BOUGHT,unit,ar
unit,vi,BOUGHT,unit,if
unit,ng,BOUGHT,unit,sw
unit,dq,BOUGHT,unit,kz
unit,mz,BOUGHT,unit,xc
unit,yb,BOUGHT,unit,ks
unit,qf,BOUGHT,unit,ma
unit,nv,BOUGHT,unit,yj
unit,tk,BOUGHT,unit,tc
unit,nt,BOUGHT,unit,ph
unit,zm,BOUGHT,unit,kp
unit,la,BOUGHT,unit,df
unit,cn,BOUGHT,unit,in
unit,av,BOUGHT,unit,io
unit,nq,BOUGHT,unit,st
unit,lt,BOUGHT,unit,iu
unit,ox,BOUGHT,unit,tg
unit,du,BOUGHT,unit,ca
unit,sj,BOUGHT,unit,ra
unit,jc,BOUGHT,unit,rn
unit,la,BOUGHT,unit,vl
unit,mu,BOUGHT,unit,nf
unit,vt,BOUGHT,unit,uv
unit,zs,BOUGHT,unit,et
unit,ac,BOUGHT,unit,pr
unit,ph,BOUGHT,unit,bw
unit,qf,BOUGHT,unit,ic
unit,av,BOUGHT,unit,xa
unit,gl,BOUGHT,unit,ry
unit,rb,BOUGHT,unit,ns
unit,tr,BOUGHT,unit,jw
unit,qc,BOUGHT,unit,es
unit,nk,BOUGHT,unit,mk
unit,qe,BOUGHT,unit,ik
unit,ih,BOUGHT,unit,fq
unit,nj,BOUGHT,unit,is
unit,ht,BOUGHT,unit,ji
unit,sw,BOUGHT,unit,de
unit,mm,BOUGHT,unit,dt
unit,yi,BOUGHT,unit,hu
unit,go,BOUGHT,unit,tv
unit,ij,BOUGHT,unit,so
unit,hc,BOUGHT,unit,wn
unit,vb,BOUGHT,unit,nu
unit,jl,BOUGHT,unit,yd
unit,nc,BOUGHT,unit,ty
unit,ot,BOUGHT,unit,ae
unit,mt,BOUGHT,unit,cd
unit,dv,BOUGHT,unit,go
unit,df,BOUGHT,unit,rg
unit,ys,BOUGHT,unit,lz
unit,xw,BOUGHT,unit,mz
unit,qe,BOUGHT,unit,mt
unit,zg,BOUGHT,unit,vb
unit,fb,BOUGHT,unit,rf
unit,hn,BOUGHT,unit,py
unit,bm,BOUGHT,unit,cs
unit,ez,BOUGHT,unit,im
unit,vv,BOUGHT,unit,xu
unit,da,BOUGHT,unit,ul
unit,tt,BOUGHT,unit,xf
unit,ay,BOUGHT,unit,pz
unit,ix,BOUGHT,unit,pz
unit,sh,BOUGHT,unit,el
unit,iu,BOUGHT,unit,sv
unit,eg,BOUGHT,unit,mf
unit,qt,BOUGHT,unit,cm
unit,cn,BOUGHT,unit,ag
unit,ka,BOUGHT,unit,rb
unit,uf,BOUGHT,unit,bk
unit,ra,BOUGHT,unit,im
unit,de,BOUGHT,unit,to
unit,wc,BOUGHT,unit,od
unit,pz,BOUGHT,unit,wn
unit,vb,BOUGHT,unit,fz
unit,tf,BOUGHT,unit,na
unit,om,BOUGHT,unit,ea
unit,jr,BOUGHT,unit,hl
unit,re,BOUGHT,unit,ja
unit,aw,BOUGHT,unit,gt
unit,gv,BOUGHT,unit,rn
unit,ya,BOUGHT,unit,wn
unit,my,BOUGHT,unit,vx
unit,yv,BOUGHT,unit,am
unit,vt,BOUGHT,unit,mw
unit,qz,BOUGHT,unit,lx
unit,rk,BOUGHT,unit,di
unit,rp,BOUGHT,unit,ua
unit,fs,BOUGHT,unit,bd
unit,zb,BOUGHT,unit,or
unit,df,BOUGHT,unit,px
unit,rp,BOUGHT,unit,ry
unit,nq,BOUGHT,unit,ad
unit,se,BOUGHT,unit,ws
unit,lm,BOUGHT,unit,sb
unit,uv,BOUGHT,unit,xo
unit,xi,BOUGHT,unit,nk
unit,ri,BOUGHT,unit,do
unit,cs,BOUGHT,unit,sv
unit,ch,BOUGHT,unit,hk
unit,dt,BOUGHT,unit,id
unit,vc,BOUGHT,unit,hz
unit,xo,BOUGHT,unit,vt
unit,mw,BOUGHT,unit,ot
unit,bf,BOUGHT,unit,hz
unit,vo,BOUGHT,unit,ll
unit,xm,BOUGHT,unit,wu
unit,rq,BOUGHT,unit,pr
unit,jp,BOUGHT,unit,jd
unit,on,BOUGHT,unit,ut
unit,zn,BOUGHT,unit,vn
unit,ta,BOUGHT,unit,vj
unit,fs,BOUGHT,unit,kx
unit,ao,BOUGHT,unit,co
unit,qm,BOUGHT,unit,sh
unit,na,BOUGHT,unit,gz
unit,nt,BOUGHT,unit,ys
unit,or,BOUGHT,unit,cz
unit,dv,BOUGHT,unit,pj
unit,iv,BOUGHT,unit,fs
unit,zf,BOUGHT,unit,jt
unit,zd,BOUGHT,unit,cb
unit,rl,BOUGHT,unit,jm
unit,bw,BOUGHT,unit,qi
unit,pr,BOUGHT,unit,yd
unit,zf,BOUGHT,unit,wr
unit,jv,BOUGHT,unit,yu
unit,ec,BOUGHT,unit,le
unit,zu,BOUGHT,unit,mq
unit,kt,BOUGHT,unit,lg
unit,qf,BOUGHT,unit,le
unit,ik,BOUGHT,unit,ls
unit,ou,BOUGHT,unit,qs
unit,uj,BOUGHT,unit,us
unit,ve,BOUGHT,unit,du
unit,ql,BOUGHT,unit,qq
unit,ti,BOUGHT,unit,bb
unit,ad,BOUGHT,unit,vf
unit,jm,BOUGHT,unit,fe
unit,cm,BOUGHT,unit,gd
unit,xw,BOUGHT,unit,py
unit,um,BOUGHT,unit,kw
unit,yq,BOUGHT,unit,eg
unit,sc,BOUGHT,unit,rp
unit,mf,BOUGHT,unit,lc
unit,bd,BOUGHT,unit,ed
unit,rp,BOUGHT,unit,sj
unit,fp,BOUGHT,unit,tt
unit,te,BOUGHT,unit,ic
unit,sd,BOUGHT,unit,pl
unit,jv,BOUGHT,unit,bm
unit,it,BOUGHT,unit,my
unit,nl,BOUGHT,unit,yv
unit,jn,BOUGHT,unit,ti
unit,cb,BOUGHT,unit,zn
unit,tu,BOUGHT,unit,za
unit,lx,BOUGHT,unit,iv
unit,rm,BOUGHT,unit,sn
unit,su,BOUGHT,unit,kw
unit,oe,BOUGHT,unit,qf
unit,fz,BOUGHT,unit,uq
unit,zc,BOUGHT,unit,rh
unit,fs,BOUGHT,unit,tn
unit,gp,BOUGHT,unit,wo
unit,cb,BOUGHT,unit,pa
unit,vv,BOUGHT,unit,dc
unit,xq,BOUGHT,unit,os
unit,xq,BOUGHT,unit,rh
unit,ny,BOUGHT,unit,xe
unit,py,BOUGHT,unit,kx
unit,pg,BOUGHT,unit,cq
unit,xf,BOUGHT,unit,tr
unit,ri,BOUGHT,unit,tl
unit,pc,BOUGHT,unit,bw
unit,uf,BOUGHT,unit,ki
unit,yc,BOUGHT,unit,bh
unit,rt,BOUGHT,unit,md
unit,wo,BOUGHT,unit,vv
unit,ox,BOUGHT,unit,dg
unit,sj,BOUGHT,unit,ax
unit,iy,BOUGHT,unit,ws
unit,vc,BOUGHT,unit,mj
unit,kf,BOUGHT,unit,dy
unit,mv,BOUGHT,unit,an
unit,vn,BOUGHT,unit,gc
unit,av,BOUGHT,unit,ze
unit,qv,BOUGHT,unit,ck
unit,pi,BOUGHT,unit,vi
unit,nm,BOUGHT,unit,so
unit,kp,BOUGHT,unit,wa
unit,jn,BOUGHT,unit,sk
unit,ag,BOUGHT,unit,zk
unit,lc,BOUGHT,unit,ex
unit,xw,BOUGHT,unit,hn
unit,ah,BOUGHT,unit,qq
unit,rp,BOUGHT,unit,tp
unit,qu,BOUGHT,unit,te
unit,lh,BOUGHT,unit,ao
unit,xh,BOUGHT,unit,kl
unit,zh,BOUGHT,unit,pd
unit,ep,BOUGHT,unit,ct
unit,xy,BOUGHT,unit,uq
unit,aw,BOUGHT,unit,ra
unit,qm,BOUGHT,unit,dj
unit,oh,BOUGHT,unit,ra
unit,mj,BOUGHT,unit,hz
unit,ep,BOUGHT,unit,mu
unit,jp,BOUGHT,unit,lm
unit,nu,BOUGHT,unit,qq
unit,xv,BOUGHT,unit,ff
unit,gf,BOUGHT,unit,qb
unit,os,BOUGHT,unit,zt
unit,jg,BOUGHT,unit,vr
unit,hg,BOUGHT,unit,ih
unit,ap,BOUGHT,unit,ya
unit,rg,BOUGHT,unit,zr
unit,mb,BOUGHT,unit,xr
unit,rv,BOUGHT,unit,mg
unit,au,BOUGHT,unit,ty
unit,so,BOUGHT,unit,aq
unit,eb,BOUGHT,unit,hi
unit,mm,BOUGHT,unit,ej
unit,rm,BOUGHT,unit,je
unit,bv,BOUGHT,unit,am
unit,nv,BOUGHT,unit,hz
unit,tp,BOUGHT,unit,ry
unit,yc,BOUGHT,unit,hh
unit,zn,BOUGHT,unit,pa
unit,pe,BOUGHT,unit,gz
unit,rh,BOUGHT,unit,rb
unit,nf,BOUGHT,unit,ct
unit,rv,BOUGHT,unit,ef
unit,oj,BOUGHT,unit,sv
unit,du,BOUGHT,unit,bt
unit,md,BOUGHT,unit,xg
unit,fq,BOUGHT,unit,hi
unit,jw,BOUGHT,unit,qt
unit,ca,BOUGHT,unit,yb
unit,ii,BOUGHT,unit,xw
unit,pg,BOUGHT,unit,qu
unit,zv,BOUGHT,unit,tg
unit,mk,BOUGHT,unit,gz
unit,xf,BOUGHT,unit,rd
unit,zn,BOUGHT,unit,wi
unit,gi,BOUGHT,unit,jv
unit,nb,BOUGHT,unit,pb
unit,rj,BOUGHT,unit,dg
unit,nc,BOUGHT,unit,gb
unit,tq,BOUGHT,unit,xq
unit,vd,BOUGHT,unit,dy
unit,tn,BOUGHT,unit,af
unit,is,BOUGHT,unit,om
unit,ej,BOUGHT,unit,us
unit,xa,BOUGHT,unit,do
unit,ft,BOUGHT,unit,zq
unit,lz,BOUGHT,unit,nf
unit,wo,BOUGHT,unit,ko
unit,qd,BOUGHT,unit,jb
unit,vd,BOUGHT,unit,qu
unit,pa,BOUGHT,unit,ud
unit,ej,BOUGHT,unit,kt
unit,vk,BOUGHT,unit,hj
unit,bt,BOUGHT,unit,je
unit,ga,BOUGHT,unit,to
unit,et,BOUGHT,unit,jh
unit,yq,BOUGHT,unit,mf
unit,oz,BOUGHT,unit,yj
unit,da,BOUGHT,unit,yc
unit,wn,BOUGHT,unit,ap
unit,rb,BOUGHT,unit,zc
unit,ou,BOUGHT,unit,in
unit,xt,BOUGHT,unit,ez
unit,zn,BOUGHT,unit,hf
unit,nq,BOUGHT,unit,sp
unit,ro,BOUGHT,unit,zn
unit,pi,BOUGHT,unit,im
unit,bw,BOUGHT,unit,cp
unit,cq,BOUGHT,unit,nh
unit,zg,BOUGHT,unit,fz
unit,px,BOUGHT,unit,la
unit,mg,BOUGHT,unit,vr
unit,sh,BOUGHT,unit,ry
unit,dy,BOUGHT,unit,hj
unit,le,BOUGHT,unit,vm
unit,lt,BOUGHT,unit,uu
unit,jv,BOUGHT,unit,hj
unit,ss,BOUGHT,unit,mt
unit,dq,BOUGHT,unit,lt
unit,mv,BOUGHT,unit,mt
unit,ii,BOUGHT,unit,qo
unit,nt,BOUGHT,unit,gb
unit,qw,BOUGHT,unit,lo
unit,jd,BOUGHT,unit,sb
unit,lw,BOUGHT,unit,kb
unit,zl,BOUGHT,unit,fl
unit,rb,BOUGHT,unit,xv
unit,jg,BOUGHT,unit,cy
unit,pq,BOUGHT,unit,ks
unit,hi,BOUGHT,unit,lr
unit,ri,BOUGHT,unit,re
unit,ts,BOUGHT,unit,lv
unit,ss,BOUGHT,unit,mv
unit,it,BOUGHT,unit,wk
unit,qs,BOUGHT,unit,zw
unit,uw,BOUGHT,unit,wx
unit,bt,BOUGHT,unit,ve
unit,yp,BOUGHT,unit,tq
unit,ap,BOUGHT,unit,xh
unit,zb,BOUGHT,unit,cz
unit,kr,BOUGHT,unit,lr
unit,jb,BOUGHT,unit,uo
unit,np,BOUGHT,unit,td
unit,jl,BOUGHT,unit,xi
unit,iw,BOUGHT,unit,ws
unit,hr,BOUGHT,unit,qj
unit,gp,BOUGHT,unit,ku
unit,mh,BOUGHT,unit,lk
unit,st,BOUGHT,unit,rm
unit,ri,BOUGHT,unit,lp
unit,lm,BOUGHT,unit,hs
unit,ua,BOUGHT,unit,zl
unit,oy,BOUGHT,unit,pl
unit,lq,BOUGHT,unit,bd
unit,fv,BOUGHT,unit,mq
unit,du,BOUGHT,unit,ke
unit,oy,BOUGHT,unit,iu
unit,ad,BOUGHT,unit,sp
unit,bn,BOUGHT,unit,zi
unit,zh,BOUGHT,unit,qd
unit,om,BOUGHT,unit,iy
unit,ft,BOUGHT,unit,xr
unit,by,BOUGHT,unit,gx
unit,ze,BOUGHT,unit,re
unit,os,BOUGHT,unit,rb
unit,rd,BOUGHT,unit,tr
unit,vn,BOUGHT,unit,yf
unit,fz,BOUGHT,unit,xy
unit,oj,BOUGHT,unit,mz
unit,ix,BOUGHT,unit,ay
unit,cp,BOUGHT,unit,pc
unit,oi,BOUGHT,unit,jw
unit,wt,BOUGHT,unit,oo
unit,cp,BOUGHT,unit,au
unit,zs,BOUGHT,unit,at
unit,vq,BOUGHT,unit,fc
unit,pa,BOUGHT,unit,vn
unit,ax,BOUGHT,unit,qp
unit,za,BOUGHT,unit,sp
unit,na,BOUGHT,unit,xi
unit,yi,BOUGHT,unit,ag
unit,mw,BOUGHT,unit,xo
unit,rb,BOUGHT,unit,uc
unit,hb,BOUGHT,unit,ec
unit,rw,BOUGHT,unit,vj
unit,ao,BOUGHT,unit,uc
unit,hi,BOUGHT,unit,rt
unit,fj,BOUGHT,unit,xf
unit,ml,BOUGHT,unit,is
unit,uu,BOUGHT,unit,zq
unit,zv,BOUGHT,unit,xj
unit,jd,BOUGHT,unit,hs
unit,zk,BOUGHT,unit,dy
unit,aq,BOUGHT,unit,nm
unit,yf,BOUGHT,unit,gc
unit,xe,BOUGHT,unit,mp
unit,nc,BOUGHT,unit,au
unit,np,BOUGHT,unit,vt
unit,lz,BOUGHT,unit,wv
unit,at,BOUGHT,unit,cm
unit,fe,BOUGHT,unit,cg
unit,kj,BOUGHT,unit,iq
unit,co,BOUGHT,unit,jc
unit,vt,BOUGHT,unit,td
unit,yq,BOUGHT,unit,fi
unit,yx,BOUGHT,unit,kp
unit,ou,BOUGHT,unit,as
unit,qw,BOUGHT,unit,nr
unit,zy,BOUGHT,unit,yi
unit,qw,BOUGHT,unit,fe
unit,oe,BOUGHT,unit,bk
unit,ex,BOUGHT,unit,pf
unit,fn,BOUGHT,unit,lt
unit,cs,BOUGHT,unit,pl
unit,je,BOUGHT,unit,du
unit,dq,BOUGHT,unit,gd
unit,ht,BOUGHT,unit,xq
unit,vj,BOUGHT,unit,ix
unit,dh,BOUGHT,unit,pc
unit,bl,BOUGHT,unit,je
unit,ov,BOUGHT,unit,lg
unit,qh,BOUGHT,unit,ed
unit,ye,BOUGHT,unit,dj
unit,ik,BOUGHT,unit,zz
unit,zd,BOUGHT,unit,wh
unit,qa,BOUGHT,unit,rk
unit,am,BOUGHT,unit,lx
unit,pa,BOUGHT,unit,gc
unit,td,BOUGHT,unit,zl
unit,io,BOUGHT,unit,ze
unit,ua,BOUGHT,unit,gl
unit,cm,BOUGHT,unit,dq
unit,mk,BOUGHT,unit,pe
unit,jb,BOUGHT,unit,pd
unit,wt,BOUGHT,unit,tv
unit,gu,BOUGHT,unit,px
unit,zf,BOUGHT,unit,xj
unit,of,BOUGHT,unit,tl
unit,wu,BOUGHT,unit,wk
unit,of,BOUGHT,unit,re
unit,wx,BOUGHT,unit,jb
unit,zb,BOUGHT,unit,qm
unit,qw,BOUGHT,unit,mx
unit,pd,BOUGHT,unit,ni
unit,zl,BOUGHT,unit,gl
unit,ej,BOUGHT,unit,uj
unit,yb,BOUGHT,unit,kb
unit,qs,BOUGHT,unit,ff
unit,dg,BOUGHT,unit,zf
unit,mz,BOUGHT,unit,nv
unit,mc,BOUGHT,unit,dj
unit,sw,BOUGHT,unit,mv
unit,yq,BOUGHT,unit,aa
unit,cp,BOUGHT,unit,qi
unit,gx,BOUGHT,unit,xf
unit,bm,BOUGHT,unit,vu
unit,aj,BOUGHT,unit,qz
unit,op,BOUGHT,unit,xk
unit,eb,BOUGHT,unit,pn
unit,hb,BOUGHT,unit,bx
unit,yq,BOUGHT,unit,sr
unit,pm,BOUGHT,unit,or
unit,nq,BOUGHT,unit,za
unit,ks,BOUGHT,unit,du
unit,aa,BOUGHT,unit,jf
unit,kz,BOUGHT,unit,hl
unit,ml,BOUGHT,unit,am
unit,av,BOUGHT,unit,rx
unit,hb,BOUGHT,unit,cd
unit,mp,BOUGHT,unit,wo
unit,jp,BOUGHT,unit,nc
unit,os,BOUGHT,unit,hm
unit,vu,BOUGHT,unit,iq
unit,bx,BOUGHT,unit,mt
unit,ep,BOUGHT,unit,uq
unit,bd,BOUGHT,unit,aj
unit,vl,BOUGHT,unit,ol
unit,wj,BOUGHT,unit,iq
unit,zl,BOUGHT,unit,ry
unit,fl,BOUGHT,unit,gl
unit,vi,BOUGHT,unit,im
unit,qd,BOUGHT,unit,uw
unit,ns,BOUGHT,unit,xq
unit,yb,BOUGHT,unit,up
unit,lu,BOUGHT,unit,ly
unit,dl,BOUGHT,unit,so
unit,on,BOUGHT,unit,nr
unit,dn,BOUGHT,unit,ki
unit,sv,BOUGHT,unit,vk
unit,pb,BOUGHT,unit,og
unit,og,BOUGHT,unit,hu
unit,li,BOUGHT,unit,ny
unit,xk,BOUGHT,unit,xg
unit,pf,BOUGHT,unit,wj
unit,qw,BOUGHT,unit,ut
unit,vp,BOUGHT,unit,nu
unit,ar,BOUGHT,unit,ud
unit,hr,BOUGHT,unit,xb
unit,pe,BOUGHT,unit,jl
unit,gu,BOUGHT,unit,ol
unit,gx,BOUGHT,unit,oi
unit,gz,BOUGHT,unit,xz
unit,ed,BOUGHT,unit,po
unit,sb,BOUGHT,unit,fv
unit,ft,BOUGHT,unit,ew
unit,kz,BOUGHT,unit,lt
unit,go,BOUGHT,unit,ki
unit,wx,BOUGHT,unit,pv
unit,wj,BOUGHT,unit,lc
unit,xw,BOUGHT,unit,bf
unit,ea,BOUGHT,unit,is
unit,nj,BOUGHT,unit,rp
unit,mv,BOUGHT,unit,ob
unit,dn,BOUGHT,unit,uf
unit,qi,BOUGHT,unit,dh
unit,oy,BOUGHT,unit,bm
unit,rv,BOUGHT,unit,wk
unit,jt,BOUGHT,unit,jn
unit,hj,BOUGHT,unit,pl
unit,lv,BOUGHT,unit,st
unit,ei,BOUGHT,unit,ht
unit,aq,BOUGHT,unit,bq
unit,sh,BOUGHT,unit,dj
unit,gh,BOUGHT,unit,ea
unit,rn,BOUGHT,unit,lu
unit,is,BOUGHT,unit,am
unit,mx,BOUGHT,unit,cg
unit,py,BOUGHT,unit,mz
unit,cb,BOUGHT,unit,hf
unit,xr,BOUGHT,unit,ng
unit,nc,BOUGHT,unit,cp
unit,xi,BOUGHT,unit,gz
unit,cm,BOUGHT,unit,uu
unit,cy,BOUGHT,unit,rv
unit,ik,BOUGHT,unit,mv
unit,wj,BOUGHT,unit,vu
unit,sh,BOUGHT,unit,zb
unit,zf,BOUGHT,unit,rj
unit,xz,BOUGHT,unit,tf
unit,ku,BOUGHT,unit,qc
unit,vp,BOUGHT,unit,xb
unit,fn,BOUGHT,unit,jr
unit,it,BOUGHT,unit,vx
unit,yv,BOUGHT,unit,gh
unit,fj,BOUGHT,unit,tr
unit,sk,BOUGHT,unit,rj
unit,qo,BOUGHT,unit,bf
unit,uo,BOUGHT,unit,fb
unit,xr,BOUGHT,unit,ro
unit,tu,BOUGHT,unit,bn
unit,di,BOUGHT,unit,es
unit,xz,BOUGHT,unit,rq
unit,xa,BOUGHT,unit,rx
unit,ml,BOUGHT,unit,ea
unit,lc,BOUGHT,unit,tm
unit,xm,BOUGHT,unit,gv
unit,rh,BOUGHT,unit,ns
unit,sf,BOUGHT,unit,gf
unit,hc,BOUGHT,unit,ta
unit,wn,BOUGHT,unit,ta
unit,dt,BOUGHT,unit,ov
unit,hk,BOUGHT,unit,ef
unit,xp,BOUGHT,unit,ro
unit,jq,BOUGHT,unit,pu
unit,jm,BOUGHT,unit,ut
unit,hk,BOUGHT,unit,vx
unit,qj,BOUGHT,unit,ah
unit,tc,BOUGHT,unit,uo
unit,dt,BOUGHT,unit,kt
unit,tj,BOUGHT,unit,iy
unit,ns,BOUGHT,unit,zc
unit,oo,BOUGHT,unit,so
unit,es,BOUGHT,unit,rk
unit,yx,BOUGHT,unit,wy
unit,hi,BOUGHT,unit,xg
unit,wt,BOUGHT,unit,so
unit,lp,BOUGHT,unit,xa
unit,kq,BOUGHT,unit,ef
unit,go,BOUGHT,unit,up
unit,sh,BOUGHT,unit,cz
unit,ec,BOUGHT,unit,ob
unit,wl,BOUGHT,unit,ta
unit,aq,BOUGHT,unit,oo
unit,kp,BOUGHT,unit,nf
unit,ku,BOUGHT,unit,fc
unit,fp,BOUGHT,unit,zo
unit,ko,BOUGHT,unit,vv
unit,jb,BOUGHT,unit,tc
unit,mg,BOUGHT,unit,it
unit,gk,BOUGHT,unit,up
unit,dv,BOUGHT,unit,so
unit,nq,BOUGHT,unit,bn
unit,ct,BOUGHT,unit,wv
unit,ae,BOUGHT,unit,sf
unit,hj,BOUGHT,unit,cs
unit,ue,BOUGHT,unit,jd
unit,uf,BOUGHT,unit,um
unit,rf,BOUGHT,unit,fr
unit,aj,BOUGHT,unit,iv
unit,qa,BOUGHT,unit,gp
unit,nc,BOUGHT,unit,bw
unit,di,BOUGHT,unit,gp
unit,sc,BOUGHT,unit,ry
unit,vl,BOUGHT,unit,tx
unit,bw,BOUGHT,unit,dh
unit,rq,BOUGHT,unit,yd
unit,kw,BOUGHT,unit,vm
unit,fb,BOUGHT,unit,tk
unit,go,BOUGHT,unit,aq
unit,ro,BOUGHT,unit,ft
unit,nb,BOUGHT,unit,qw
unit,ef,BOUGHT,unit,jz
unit,dv,BOUGHT,unit,wt
unit,yi,BOUGHT,unit,ur
unit,jc,BOUGHT,unit,gy
unit,md,BOUGHT,unit,hi
unit,sv,BOUGHT,unit,oy
unit,gk,BOUGHT,unit,go
unit,hu,BOUGHT,unit,pb
unit,hh,BOUGHT,unit,gm
unit,zw,BOUGHT,unit,vg
unit,be,BOUGHT,unit,cj
unit,ic,BOUGHT,unit,su
unit,et,BOUGHT,unit,ws
unit,kl,BOUGHT,unit,yk
unit,zb,BOUGHT,unit,el
unit,dy,BOUGHT,unit,bi
unit,ja,BOUGHT,unit,rx
unit,ay,BOUGHT,unit,wl
unit,ms,BOUGHT,unit,kt
unit,ke,BOUGHT,unit,yb
unit,ry,BOUGHT,unit,sj
unit,nk,BOUGHT,unit,xz
unit,io,BOUGHT,unit,tl
unit,we,BOUGHT,unit,sc
unit,kf,BOUGHT,unit,zk
unit,ny,BOUGHT,unit,rf
unit,yb,BOUGHT,unit,bl
unit,ij,BOUGHT,unit,of
unit,jp,BOUGHT,unit,mq
unit,yx,BOUGHT,unit,lz
unit,xx,BOUGHT,unit,wy
unit,bl,BOUGHT,unit,bt
unit,hm,BOUGHT,unit,zt
unit,po,BOUGHT,unit,qz
unit,xh,BOUGHT,unit,pz
unit,tv,BOUGHT,unit,bq
unit,ml,BOUGHT,unit,tj
unit,rf,BOUGHT,unit,mp
unit,gk,BOUGHT,unit,wt
unit,vk,BOUGHT,unit,pw
unit,mm,BOUGHT,unit,uj
unit,bs,BOUGHT,unit,rm
unit,cp,BOUGHT,unit,gb
unit,kj,BOUGHT,unit,yq
unit,yu,BOUGHT,unit,cs
unit,sh,BOUGHT,unit,pm
unit,td,BOUGHT,unit,xo
unit,ku,BOUGHT,unit,qa
unit,ba,BOUGHT,unit,eb
unit,vb,BOUGHT,unit,hr
unit,im,BOUGHT,unit,gt
unit,gk,BOUGHT,unit,nm
unit,ht,BOUGHT,unit,ka
unit,ex,BOUGHT,unit,tm
unit,vq,BOUGHT,unit,qa
unit,rn,BOUGHT,unit,gy
unit,vb,BOUGHT,unit,vp
unit,fl,BOUGHT,unit,xj
unit,tx,BOUGHT,unit,ej
unit,gp,BOUGHT,unit,fc
unit,ef,BOUGHT,unit,ch
unit,nk,BOUGHT,unit,tf
unit,yj,BOUGHT,unit,bf
unit,mm,BOUGHT,unit,cu
unit,zv,BOUGHT,unit,ox
unit,gc,BOUGHT,unit,ud
unit,iy,BOUGHT,unit,is
unit,da,BOUGHT,unit,yp
unit,tv,BOUGHT,unit,so
unit,mb,BOUGHT,unit,ft
unit,vk,BOUGHT,unit,cs
unit,qy,BOUGHT,unit,td
unit,mz,BOUGHT,unit,vc
unit,ct,BOUGHT,unit,ed
unit,aj,BOUGHT,unit,kx
unit,iv,BOUGHT,unit,lq
unit,ck,BOUGHT,unit,nh
unit,cy,BOUGHT,unit,my
unit,fv,BOUGHT,unit,ll
unit,fn,BOUGHT,unit,dq
unit,xp,BOUGHT,unit,kq
unit,gy,BOUGHT,unit,as
unit,nm,BOUGHT,unit,dv
unit,tn,BOUGHT,unit,qh
unit,fi,BOUGHT,unit,mf
unit,ik,BOUGHT,unit,bx
unit,ab,BOUGHT,unit,vo
unit,ne,BOUGHT,unit,px
unit,ne,BOUGHT,unit,zr
unit,vb,BOUGHT,unit,ho
unit,dh,BOUGHT,unit,ty
unit,rq,BOUGHT,unit,ac
unit,za,BOUGHT,unit,bs
unit,gd,BOUGHT,unit,eu
unit,dk,BOUGHT,unit,oi
unit,fl,BOUGHT,unit,ry
unit,ox,BOUGHT,unit,jn
unit,iq,BOUGHT,unit,eg
unit,vg,BOUGHT,unit,nz
unit,ml,BOUGHT,unit,no
unit,lc,BOUGHT,unit,pf
unit,ja,BOUGHT,unit,do
unit,ne,BOUGHT,unit,rg
unit,bu,BOUGHT,unit,ll
unit,jw,BOUGHT,unit,by
unit,pq,BOUGHT,unit,kb
unit,vt,BOUGHT,unit,gf
unit,au,BOUGHT,unit,ys
unit,pw,BOUGHT,unit,ul
unit,lb,BOUGHT,unit,dk
unit,cu,BOUGHT,unit,us
unit,us,BOUGHT,unit,kt
unit,lw,BOUGHT,unit,ek
unit,di,BOUGHT,unit,mh
unit,vf,BOUGHT,unit,de
unit,tv,BOUGHT,unit,up
unit,ty,BOUGHT,unit,mr
unit,hr,BOUGHT,unit,zg
unit,ew,BOUGHT,unit,ro
unit,og,BOUGHT,unit,da
unit,in,BOUGHT,unit,qs
unit,wc,BOUGHT,unit,sm
unit,nm,BOUGHT,unit,vn
unit,qs,BOUGHT,unit,ag
unit,vd,BOUGHT,unit,te
unit,wn,BOUGHT,unit,wl
unit,yv,BOUGHT,unit,is
unit,zq,BOUGHT,unit,kq
unit,hz,BOUGHT,unit,mz
unit,cu,BOUGHT,unit,cg
unit,mf,BOUGHT,unit,ex
unit,ae,BOUGHT,unit,rw
unit,rs,BOUGHT,unit,qm
unit,mt,BOUGHT,unit,an
unit,cj,BOUGHT,unit,vv
unit,rr,BOUGHT,unit,zs
unit,rd,BOUGHT,unit,tt
unit,qc,BOUGHT,unit,rk
unit,pj,BOUGHT,unit,nm
unit,fl,BOUGHT,unit,ax
unit,gv,BOUGHT,unit,ly
unit,aj,BOUGHT,unit,lq
unit,xq,BOUGHT,unit,rb
unit,ih,BOUGHT,unit,mn
unit,ve,BOUGHT,unit,ca
unit,xc,BOUGHT,unit,mj
unit,jc,BOUGHT,unit,xm
unit,ae,BOUGHT,unit,gf
unit,vc,BOUGHT,unit,ii
unit,bh,BOUGHT,unit,tq
unit,pa,BOUGHT,unit,wi
unit,rj,BOUGHT,unit,wr
unit,ga,BOUGHT,unit,sw
unit,ni,BOUGHT,unit,tk
unit,vx,BOUGHT,unit,td
unit,tu,BOUGHT,unit,lv
unit,et,BOUGHT,unit,sb
unit,zu,BOUGHT,unit,vo
unit,bu,BOUGHT,unit,ab
unit,ks,BOUGHT,unit,ve
unit,ez,BOUGHT,unit,ga
unit,dq,BOUGHT,unit,jr
unit,hs,BOUGHT,unit,jp
unit,zg,BOUGHT,unit,ql
unit,kk,BOUGHT,unit,ol
unit,ob,BOUGHT,unit,ss
unit,be,BOUGHT,unit,ut
unit,zb,BOUGHT,unit,rs
unit,lp,BOUGHT,unit,av
unit,dy,BOUGHT,unit,ub
unit,vp,BOUGHT,unit,xy
unit,gf,BOUGHT,unit,rw
unit,vv,BOUGHT,unit,fr
unit,fj,BOUGHT,unit,rd
unit,vp,BOUGHT,unit,fz
unit,pe,BOUGHT,unit,xz
unit,mw,BOUGHT,unit,uv
unit,fp,BOUGHT,unit,oi
unit,ed,BOUGHT,unit,aj
unit,rr,BOUGHT,unit,kh
unit,tk,BOUGHT,unit,uw
unit,bf,BOUGHT,unit,vc
unit,wh,BOUGHT,unit,zp
unit,jm,BOUGHT,unit,cg
unit,al,BOUGHT,unit,fb
unit,gy,BOUGHT,unit,xm
unit,ma,BOUGHT,unit,dn
unit,ly,BOUGHT,unit,tf
unit,pi,BOUGHT,unit,cp
unit,rg,BOUGHT,unit,pu
unit,ym,BOUGHT,unit,im
unit,cj,BOUGHT,unit,rf
unit,pn,BOUGHT,unit,op
unit,lw,BOUGHT,unit,ke
unit,ov,BOUGHT,unit,wg
unit,xv,BOUGHT,unit,rh
unit,gt,BOUGHT,unit,yk
unit,zi,BOUGHT,unit,rm
unit,nc,BOUGHT,unit,ys
unit,gk,BOUGHT,unit,aq
unit,bh,BOUGHT,unit,ul
unit,sk,BOUGHT,unit,zf
unit,ka,BOUGHT,unit,zc
unit,ze,BOUGHT,unit,xa
unit,ys,BOUGHT,unit,ph
unit,na,BOUGHT,unit,jl
unit,ya,BOUGHT,unit,hc
unit,fp,BOUGHT,unit,lb
unit,mx,BOUGHT,unit,ui
unit,pr,BOUGHT,unit,jl
unit,yx,BOUGHT,unit,qo
unit,ou,BOUGHT,unit,zy
unit,xp,BOUGHT,unit,ft
unit,wc,BOUGHT,unit,se
unit,xi,BOUGHT,unit,xz
unit,lt,BOUGHT,unit,gd
unit,wg,BOUGHT,unit,uj
unit,ls,BOUGHT,unit,ob
unit,pq,BOUGHT,unit,ek
unit,jg,BOUGHT,unit,wk
unit,wg,BOUGHT,unit,lg
unit,yd,BOUGHT,unit,dc
unit,vo,BOUGHT,unit,bu
unit,lb,BOUGHT,unit,oi
unit,hr,BOUGHT,unit,uq
unit,af,BOUGHT,unit,ed
unit,ng,BOUGHT,unit,ft
unit,gd,BOUGHT,unit,lr
unit,pg,BOUGHT,unit,sr
unit,cm,BOUGHT,unit,kz
unit,mw,BOUGHT,unit,ea
unit,dn,BOUGHT,unit,le
unit,xx,BOUGHT,unit,wv
unit,zw,BOUGHT,unit,cn
unit,ii,BOUGHT,unit,nv
unit,rg,BOUGHT,unit,gu
unit,je,BOUGHT,unit,ve
unit,bh,BOUGHT,unit,og
unit,vu,BOUGHT,unit,mf
unit,oz,BOUGHT,unit,ym
unit,zv,BOUGHT,unit,bb
unit,vq,BOUGHT,unit,gp
unit,vo,BOUGHT,unit,fv
unit,fj,BOUGHT,unit,jw
unit,qv,BOUGHT,unit,jm
unit,oh,BOUGHT,unit,oz
unit,ls,BOUGHT,unit,qe
unit,bi,BOUGHT,unit,te
unit,fc,BOUGHT,unit,fu
unit,ye,BOUGHT,unit,zb
unit,gb,BOUGHT,unit,mr
unit,ki,BOUGHT,unit,su
unit,fu,BOUGHT,unit,gp
unit,pu,BOUGHT,unit,df
unit,xb,BOUGHT,unit,qj
unit,mq,BOUGHT,unit,sb
unit,rx,BOUGHT,unit,re
unit,pm,BOUGHT,unit,gr
unit,dc,BOUGHT,unit,xe
unit,zk,BOUGHT,unit,nh
unit,aw,BOUGHT,unit,ym
unit,lh,BOUGHT,unit,ob
unit,gf,BOUGHT,unit,td
unit,se,BOUGHT,unit,zs
unit,eu,BOUGHT,unit,cm
unit,mz,BOUGHT,unit,yj
unit,cb,BOUGHT,unit,gc
unit,os,BOUGHT,unit,gd
unit,pw,BOUGHT,unit,hu
unit,lo,BOUGHT,unit,on
unit,mu,BOUGHT,unit,wa
unit,cq,BOUGHT,unit,qv
unit,ij,BOUGHT,unit,do
unit,nt,BOUGHT,unit,au
unit,vq,BOUGHT,unit,rk
unit,gu,BOUGHT,unit,jq
unit,vu,BOUGHT,unit,eg
unit,np,BOUGHT,unit,ae
unit,vr,BOUGHT,unit,my
unit,gl,BOUGHT,unit,tp
unit,wo,BOUGHT,unit,xu
unit,rb,BOUGHT,unit,ji
unit,dv,BOUGHT,unit,zz
unit,kl,BOUGHT,unit,ay
unit,gu,BOUGHT,unit,rc
unit,cn,BOUGHT,unit,ff
unit,le,BOUGHT,unit,um
unit,mk,BOUGHT,unit,pr
unit,mu,BOUGHT,unit,zm
unit,ea,BOUGHT,unit,bv
unit,tx,BOUGHT,unit,lg
unit,xy,BOUGHT,unit,qq
unit,of,BOUGHT,unit,xa
unit,ls,BOUGHT,unit,ss
unit,pe,BOUGHT,unit,nk
unit,bw,BOUGHT,unit,mr
unit,pd,BOUGHT,unit,uo
unit,cy,BOUGHT,unit,it
unit,by,BOUGHT,unit,zo
unit,ag,BOUGHT,unit,ff
unit,kq,BOUGHT,unit,ft
unit,zy,BOUGHT,unit,ff
unit,et,BOUGHT,unit,at
unit,jw,BOUGHT,unit,lb
unit,gz,BOUGHT,unit,ac
unit,vn,BOUGHT,unit,hf
unit,zz,BOUGHT,unit,bx
unit,ut,BOUGHT,unit,wh
unit,vp,BOUGHT,unit,uq
unit,zh,BOUGHT,unit,al
unit,zp,BOUGHT,unit,ke
unit,rv,BOUGHT,unit,vx
unit,nz,BOUGHT,unit,as
unit,ro,BOUGHT,unit,to
unit,cb,BOUGHT,unit,wh
unit,zi,BOUGHT,unit,ad
unit,ms,BOUGHT,unit,mm
unit,sb,BOUGHT,unit,bu
unit,xf,BOUGHT,unit,oi
unit,lv,BOUGHT,unit,vf
unit,lv,BOUGHT,unit,rm
unit,vk,BOUGHT,unit,iu
unit,jw,BOUGHT,unit,dk
unit,af,BOUGHT,unit,iv
unit,kl,BOUGHT,unit,vj
unit,sf,BOUGHT,unit,rw
unit,qd,BOUGHT,unit,tk
unit,oj,BOUGHT,unit,gi
unit,rl,BOUGHT,unit,jf
unit,qe,BOUGHT,unit,ec
unit,it,BOUGHT,unit,vr
unit,gm,BOUGHT,unit,og
unit,sp,BOUGHT,unit,kz
unit,kf,BOUGHT,unit,te
unit,le,BOUGHT,unit,zp
unit,pv,BOUGHT,unit,jb
unit,qq,BOUGHT,unit,vb
unit,ti,BOUGHT,unit,zv
unit,bo,BOUGHT,unit,rp
unit,im,BOUGHT,unit,xt
unit,fb,BOUGHT,unit,wx
unit,yp,BOUGHT,unit,lh
unit,qe,BOUGHT,unit,hb
unit,vb,BOUGHT,unit,qj
unit,uj,BOUGHT,unit,cu
unit,yf,BOUGHT,unit,zp
unit,qu,BOUGHT,unit,qv
unit,hr,BOUGHT,unit,xy
unit,zl,BOUGHT,unit,sc
unit,zl,BOUGHT,unit,tp
unit,go,BOUGHT,unit,nm
unit,rf,BOUGHT,unit,be
unit,ml,BOUGHT,unit,om
unit,vj,BOUGHT,unit,hc
unit,hu,BOUGHT,unit,da
unit,ud,BOUGHT,unit,wh
unit,xc,BOUGHT,unit,yj
unit,sf,BOUGHT,unit,qb
unit,aq,BOUGHT,unit,dt
unit,ot,BOUGHT,unit,uv
unit,ct,BOUGHT,unit,zm
unit,vx,BOUGHT,unit,jz
unit,hi,BOUGHT,unit,ba
unit,og,BOUGHT,unit,ul
unit,xa,BOUGHT,unit,re
unit,od,BOUGHT,unit,at
unit,pi,BOUGHT,unit,ym
unit,cn,BOUGHT,unit,pe
unit,dj,BOUGHT,unit,bd
unit,mj,BOUGHT,unit,ii
unit,gu,BOUGHT,unit,hq
unit,kq,BOUGHT,unit,de
unit,cq,BOUGHT,unit,qu
unit,hf,BOUGHT,unit,yf
unit,pb,BOUGHT,unit,gm
unit,nb,BOUGHT,unit,bh
unit,gf,BOUGHT,unit,xo
unit,wo,BOUGHT,unit,li
unit,ca,BOUGHT,unit,kb
unit,rp,BOUGHT,unit,gl
unit,bb,BOUGHT,unit,zf
unit,gh,BOUGHT,unit,is
unit,sc,BOUGHT,unit,tp
unit,ui,BOUGHT,unit,jm
unit,su,BOUGHT,unit,le
unit,ox,BOUGHT,unit,zf
unit,gy,BOUGHT,unit,fw
unit,xu,BOUGHT,unit,ko
unit,qy,BOUGHT,unit,uv
unit,tt,BOUGHT,unit,gx
unit,zt,BOUGHT,unit,xq
unit,pa,BOUGHT,unit,yf
unit,di,BOUGHT,unit,vq
unit,ov,BOUGHT,unit,us
unit,bh,BOUGHT,unit,pb
unit,jf,BOUGHT,unit,jm
unit,ke,BOUGHT,unit,ve
unit,bm,BOUGHT,unit,vk
unit,at,BOUGHT,unit,kc
unit,xo,BOUGHT,unit,ae
unit,vo,BOUGHT,unit,im
unit,ni,BOUGHT,unit,wx
unit,gl,BOUGHT,unit,we
unit,kk,BOUGHT,unit,px
unit,ni,BOUGHT,unit,al
unit,ql,BOUGHT,unit,ry
unit,oz,BOUGHT,unit,aw
unit,hg,BOUGHT,unit,xg
unit,mp,BOUGHT,unit,fr
unit,hg,BOUGHT,unit,ei
unit,wr,BOUGHT,unit,rw
unit,io,BOUGHT,unit,of
unit,wc,BOUGHT,unit,ws
unit,ze,BOUGHT,unit,ij
unit,qf,BOUGHT,unit,vm
unit,ht,BOUGHT,unit,zt
unit,qq,BOUGHT,unit,hr
unit,ej,BOUGHT,unit,lg
unit,mx,BOUGHT,unit,jf
unit,by,BOUGHT,unit,ou
unit,my,BOUGHT,unit,rv
unit,qd,BOUGHT,unit,pv
unit,ks,BOUGHT,unit,kb
unit,rr,BOUGHT,unit,iw
unit,lg,BOUGHT,unit,ms
unit,al,BOUGHT,unit,tc
unit,yp,BOUGHT,unit,jq
unit,mf,BOUGHT,unit,iq
unit,ui,BOUGHT,unit,bl
unit,md,BOUGHT,unit,la
unit,ro,BOUGHT,unit,ng
unit,rr,BOUGHT,unit,et
unit,fi,BOUGHT,unit,lc
unit,rs,BOUGHT,unit,pm
unit,mb,BOUGHT,unit,kq
unit,ob,BOUGHT,unit,ik
unit,dg,BOUGHT,unit,ti
unit,ue,BOUGHT,unit,ll
unit,zu,BOUGHT,unit,sb
unit,ew,BOUGHT,unit,ga
unit,kf,BOUGHT,unit,pg
unit,hj,BOUGHT,unit,bm
unit,pv,BOUGHT,unit,uo
unit,bn,BOUGHT,unit,bs
unit,fc,BOUGHT,unit,sn
unit,kq,BOUGHT,unit,xr
unit,df,BOUGHT,unit,vl
unit,jw,BOUGHT,unit,rd
unit,ym,BOUGHT,unit,sm
unit,ix,BOUGHT,unit,xh
unit,bn,BOUGHT,unit,za
unit,cy,BOUGHT,unit,ch
unit,pw,BOUGHT,unit,hh
unit,zh,BOUGHT,unit,jb
unit,ne,BOUGHT,unit,pu
unit,sj,BOUGHT,unit,qp
unit,qd,BOUGHT,unit,wx
unit,rc,BOUGHT,unit,la
unit,jh,BOUGHT,unit,kc
unit,go,BOUGHT,unit,bq
unit,ol,BOUGHT,unit,la
unit,pc,BOUGHT,unit,au
unit,os,BOUGHT,unit,ei
unit,sk,BOUGHT,unit,wr
unit,ns,BOUGHT,unit,tv
unit,bi,BOUGHT,unit,nh
unit,ay,BOUGHT,unit,wn
unit,sh,BOUGHT,unit,gr
unit,rp,BOUGHT,unit,zl
unit,mh,BOUGHT,unit,gp
unit,fj,BOUGHT,unit,by
unit,ms,BOUGHT,unit,tx
unit,re,BOUGHT,unit,ij
unit,rq,BOUGHT,unit,pe
unit,zf,BOUGHT,unit,wn
unit,jz,BOUGHT,unit,cb
unit,kr,BOUGHT,unit,lt
unit,au,BOUGHT,unit,ph
unit,jp,BOUGHT,unit,ab
unit,oy,BOUGHT,unit,gi
unit,qo,BOUGHT,unit,xc
unit,do,BOUGHT,unit,lp
unit,iq,BOUGHT,unit,lc
unit,zw,BOUGHT,unit,zy
unit,cz,BOUGHT,unit,el
unit,dh,BOUGHT,unit,nt
unit,mr,BOUGHT,unit,au
unit,ar,BOUGHT,unit,pa
unit,eg,BOUGHT,unit,ex
unit,in,BOUGHT,unit,yi
unit,bf,BOUGHT,unit,bb
unit,lt,BOUGHT,unit,qt
unit,tv,BOUGHT,unit,gk
unit,kf,BOUGHT,unit,lk
unit,ol,BOUGHT,unit,rg
unit,vr,BOUGHT,unit,ef
unit,dt,BOUGHT,unit,wg
unit,iq,BOUGHT,unit,bu
unit,on,BOUGHT,unit,fe
unit,if,BOUGHT,unit,im
unit,nj,BOUGHT,unit,iy
unit,ah,BOUGHT,unit,uq
unit,tt,BOUGHT,unit,ns
unit,xy,BOUGHT,unit,nu
unit,oo,BOUGHT,unit,tv
unit,go,BOUGHT,unit,oo
unit,pi,BOUGHT,unit,oh
unit,da,BOUGHT,unit,nb
unit,lo,BOUGHT,unit,fe
unit,dn,BOUGHT,unit,su
unit,ui,BOUGHT,unit,fe
unit,ph,BOUGHT,unit,cp
unit,ys,BOUGHT,unit,ty
unit,lk,BOUGHT,unit,fc
unit,ze,BOUGHT,unit,lp
unit,kx,BOUGHT,unit,af
unit,pg,BOUGHT,unit,te
unit,ek,BOUGHT,unit,bl
unit,qt,BOUGHT,unit,eu
unit,wg,BOUGHT,unit,tx
unit,nz,BOUGHT,unit,qs
unit,mj,BOUGHT,unit,wl
unit,ad,BOUGHT,unit,tu
unit,qi,BOUGHT,unit,ys
unit,xj,BOUGHT,unit,tg
unit,pm,BOUGHT,unit,ye
unit,pc,BOUGHT,unit,nc
unit,uf,BOUGHT,unit,ic
unit,kw,BOUGHT,unit,dn
unit,hs,BOUGHT,unit,fv
unit,dl,BOUGHT,unit,go
unit,na,BOUGHT,unit,mk
unit,bt,BOUGHT,unit,lw
unit,zs,BOUGHT,unit,uv
unit,pl,BOUGHT,unit,iu
unit,kr,BOUGHT,unit,gy
unit,ic,BOUGHT,unit,oe
unit,pa,BOUGHT,unit,wh
unit,kp,BOUGHT,unit,wy
unit,ae,BOUGHT,unit,tn
unit,nm,BOUGHT,unit,dl
unit,vg,BOUGHT,unit,ag
unit,ei,BOUGHT,unit,ji
unit,yi,BOUGHT,unit,as
unit,rg,BOUGHT,unit,iu
unit,uo,BOUGHT,unit,al
unit,ap,BOUGHT,unit,ay
unit,et,BOUGHT,unit,sm
unit,on,BOUGHT,unit,rl
unit,qu,BOUGHT,unit,kk
unit,ua,BOUGHT,unit,fl
unit,ij,BOUGHT,unit,tl
unit,xg,BOUGHT,unit,ba
unit,dk,BOUGHT,unit,tt
unit,sm,BOUGHT,unit,kc
unit,uq,BOUGHT,unit,vb
unit,kw,BOUGHT,unit,ma
unit,hl,BOUGHT,unit,fn
unit,qf,BOUGHT,unit,bk
unit,ov,BOUGHT,unit,ej
unit,ly,BOUGHT,unit,uc
unit,rb,BOUGHT,unit,hm
unit,dv,BOUGHT,unit,oo
unit,gt,BOUGHT,unit,ra
unit,fq,BOUGHT,unit,rt
unit,gi,BOUGHT,unit,bm
unit,bx,BOUGHT,unit,ss
unit,xv,BOUGHT,unit,os
unit,ul,BOUGHT,unit,pb
unit,zm,BOUGHT,unit,nf
unit,mw,BOUGHT,unit,np
unit,kw,BOUGHT,unit,bk
unit,iw,BOUGHT,unit,wc
unit,tx,BOUGHT,unit,us
unit,we,BOUGHT,unit,iv
unit,ng,BOUGHT,unit,kq
unit,at,BOUGHT,unit,se
unit,kj,BOUGHT,unit,mf
unit,xk,BOUGHT,unit,eb
unit,bv,BOUGHT,unit,nu
unit,lq,BOUGHT,unit,ed
unit,qw,BOUGHT,unit,ui
unit,gc,BOUGHT,unit,ar
unit,pd,BOUGHT,unit,tk
unit,jv,BOUGHT,unit,iu
unit,cg,BOUGHT,unit,rl
unit,cn,BOUGHT,unit,ou
unit,kr,BOUGHT,unit,hl
unit,kf,BOUGHT,unit,vd
unit,uu,BOUGHT,unit,dq
unit,ox,BOUGHT,unit,wr
unit,it,BOUGHT,unit,jg
unit,eb,BOUGHT,unit,hg
unit,gz,BOUGHT,unit,rq
unit,sf,BOUGHT,unit,qy
unit,nq,BOUGHT,unit,rl
unit,pi,BOUGHT,unit,ez
unit,in,BOUGHT,unit,ur
unit,fl,BOUGHT,unit,bo
unit,ot,BOUGHT,unit,gf
unit,cj,BOUGHT,unit,xu
unit,bi,BOUGHT,unit,vd
unit,tg,BOUGHT,unit,hs
unit,sw,BOUGHT,unit,kq
unit,cj,BOUGHT,unit,mp
unit,lk,BOUGHT,unit,vq
unit,lx,BOUGHT,unit,aj
unit,yb,BOUGHT,unit,lw
unit,pd,BOUGHT,unit,qd
unit,ko,BOUGHT,unit,cj
unit,py,BOUGHT,unit,bf
unit,tc,BOUGHT,unit,pd
unit,ne,BOUGHT,unit,kk
unit,zi,BOUGHT,unit,lv
unit,ag,BOUGHT,unit,ur
unit,vo,BOUGHT,unit,mq
unit,nf,BOUGHT,unit,wv
unit,na,BOUGHT,unit,pe
unit,fv,BOUGHT,unit,jp
unit,qz,BOUGHT,unit,kx
unit,rd,BOUGHT,unit,fp
unit,yf,BOUGHT,unit,wi
unit,gd,BOUGHT,unit,kz
unit,li,BOUGHT,unit,xu
unit,zc,BOUGHT,unit,zt
unit,yr,BOUGHT,unit,el
unit,nb,BOUGHT,unit,yc
unit,co,BOUGHT,unit,lh
unit,xj,BOUGHT,unit,sk
unit,fw,BOUGHT,unit,rn
unit,uq,BOUGHT,unit,qq
unit,fz,BOUGHT,unit,ql
unit,xo,BOUGHT,unit,qb
unit,ni,BOUGHT,unit,gz
unit,gt,BOUGHT,unit,if
unit,dj,BOUGHT,unit,gr
unit,te,BOUGHT,unit,ck
unit,po,BOUGHT,unit,kx
unit,gi,BOUGHT,unit,sd
unit,xh,BOUGHT,unit,hc
unit,xh,BOUGHT,unit,ta
unit,ht,BOUGHT,unit,hm
unit,xg,BOUGHT,unit,eb
unit,uu,BOUGHT,unit,kz
unit,zf,BOUGHT,unit,zv
unit,cu,BOUGHT,unit,lg
unit,om,BOUGHT,unit,lm
unit,cs,BOUGHT,unit,oj
unit,vx,BOUGHT,unit,cy
unit,sd,BOUGHT,unit,vk
unit,xt,BOUGHT,unit,yk
unit,zn,BOUGHT,unit,zd
unit,ki,BOUGHT,unit,le
unit,cp,BOUGHT,unit,mr
unit,ro,BOUGHT,unit,sw
unit,xu,BOUGHT,unit,rc
unit,ty,BOUGHT,unit,gb
unit,wa,BOUGHT,unit,ct
unit,ub,BOUGHT,unit,kf
unit,rt,BOUGHT,unit,pa
unit,ax,BOUGHT,unit,jp
unit,in,BOUGHT,unit,zy
unit,lb,BOUGHT,unit,xf
unit,aw,BOUGHT,unit,xt
unit,pc,BOUGHT,unit,no
unit,ss,BOUGHT,unit,an
unit,kz,BOUGHT,unit,kr
unit,iq,BOUGHT,unit,pf
unit,sf,BOUGHT,unit,vt
unit,hk,BOUGHT,unit,mg
unit,ta,BOUGHT,unit,ho
unit,zs,BOUGHT,unit,jh
unit,tf,BOUGHT,unit,pe
unit,pi,BOUGHT,unit,xt
unit,qz,BOUGHT,unit,lq
unit,yr,BOUGHT,unit,rs
unit,ag,BOUGHT,unit,as
unit,nt,BOUGHT,unit,mr
unit,qv,BOUGHT,unit,te
unit,jz,BOUGHT,unit,vr
unit,jh,BOUGHT,unit,wc
unit,jn,BOUGHT,unit,dg
unit,vn,BOUGHT,unit,ud
unit,qf,BOUGHT,unit,um
unit,td,BOUGHT,unit,mw
unit,mn,BOUGHT,unit,rt
unit,ui,BOUGHT,unit,dl
unit,aa,BOUGHT,unit,mx
unit,to,BOUGHT,unit,zq
unit,ar,BOUGHT,unit,wi
unit,tu,BOUGHT,unit,bs
unit,gb,BOUGHT,unit,dh
unit,do,BOUGHT,unit,io
unit,hn,BOUGHT,unit,mz
unit,wo,BOUGHT,unit,rf
unit,lo,BOUGHT,unit,mx
unit,li,BOUGHT,unit,rf
unit,ss,BOUGHT,unit,ec
unit,qj,BOUGHT,unit,zg
unit,dt,BOUGHT,unit,us
unit,vp,BOUGHT,unit,qq
unit,lx,BOUGHT,unit,af
unit,zm,BOUGHT,unit,lz
unit,am,BOUGHT,unit,om
unit,pj,BOUGHT,unit,jg
unit,ba,BOUGHT,unit,hg
unit,bn,BOUGHT,unit,vf
unit,ys,BOUGHT,unit,bw
unit,lm,BOUGHT,unit,fv
unit,hf,BOUGHT,unit,gc
unit,qm,BOUGHT,unit,ye
unit,yc,BOUGHT,unit,ba
unit,cm,BOUGHT,unit,kr
unit,sd,BOUGHT,unit,oj
unit,ba,BOUGHT,unit,ih
unit,vt,BOUGHT,unit,el
unit,qf,BOUGHT,unit,su
unit,ng,BOUGHT,unit,zq
unit,pw,BOUGHT,unit,bh
unit,tc,BOUGHT,unit,qd
unit,tf,BOUGHT,unit,pr
unit,qt,BOUGHT,unit,dq
unit,aw,BOUGHT,unit,if
unit,jf,BOUGHT,unit,of
unit,af,BOUGHT,unit,pz
unit,ba,BOUGHT,unit,md
unit,wy,BOUGHT,unit,zm
unit,vu,BOUGHT,unit,yq
unit,gk,BOUGHT,unit,bq
unit,iy,BOUGHT,unit,bv
unit,eu,BOUGHT,unit,fn
unit,zl,BOUGHT,unit,qp
unit,tt,BOUGHT,unit,fj
unit,yx,BOUGHT,unit,wa
unit,uf,BOUGHT,unit,ma
unit,qm,BOUGHT,unit,gr
unit,tj,BOUGHT,unit,ea
unit,bs,BOUGHT,unit,ms
unit,ct,BOUGHT,unit,mu
unit,ep,BOUGHT,unit,wy
unit,gl,BOUGHT,unit,sj
unit,ef,BOUGHT,unit,it
unit,oh,BOUGHT,unit,gt
unit,qy,BOUGHT,unit,vt
unit,lg,BOUGHT,unit,us
unit,if,BOUGHT,unit,oh
unit,bx,BOUGHT,unit,cd
unit,jt,BOUGHT,unit,ty
unit,kk,BOUGHT,unit,vl
unit,fr,BOUGHT,unit,be
unit,yq,BOUGHT,unit,iq
unit,bb,BOUGHT,unit,lv
unit,hg,BOUGHT,unit,fq
unit,tp,BOUGHT,unit,dn
unit,zi,BOUGHT,unit,ts
unit,sj,BOUGHT,unit,tp
unit,cu,BOUGHT,unit,wg
unit,ye,BOUGHT,unit,mc
unit,np,BOUGHT,unit,qb
unit,nj,BOUGHT,unit,yv
unit,dh,BOUGHT,unit,ys
unit,ku,BOUGHT,unit,rk
unit,qf,BOUGHT,unit,uf
unit,qo,BOUGHT,unit,mz
unit,kh,BOUGHT,unit,zs
unit,mr,BOUGHT,unit,qi
unit,xk,BOUGHT,unit,hi
unit,ay,BOUGHT,unit,ta
unit,qc,BOUGHT,unit,gp
unit,qe,BOUGHT,unit,cd
unit,tx,BOUGHT,unit,id
unit,mt,BOUGHT,unit,ls
unit,oy,BOUGHT,unit,yu
unit,zd,BOUGHT,unit,gc
unit,yu,BOUGHT,unit,oj
unit,ff,BOUGHT,unit,nz
unit,hl,BOUGHT,unit,tl
unit,cu,BOUGHT,unit,ej
unit,pz,BOUGHT,unit,ya
unit,lp,BOUGHT,unit,io
unit,ct,BOUGHT,unit,yx
unit,ii,BOUGHT,unit,xc
unit,ix,BOUGHT,unit,wn
unit,gl,BOUGHT,unit,jh
unit,rb,BOUGHT,unit,zt
unit,ol,BOUGHT,unit,pu
unit,wu,BOUGHT,unit,lu
unit,qv,BOUGHT,unit,zk
unit,oe,BOUGHT,unit,ve
unit,sm,BOUGHT,unit,jh
unit,ep,BOUGHT,unit,kp
unit,ll,BOUGHT,unit,jp
unit,hq,BOUGHT,unit,nf
unit,ot,BOUGHT,unit,rw
unit,sd,BOUGHT,unit,iu
unit,gk,BOUGHT,unit,oo
unit,qo,BOUGHT,unit,py
unit,st,BOUGHT,unit,tu
unit,gb,BOUGHT,unit,ys
unit,ed,BOUGHT,unit,kx
unit,gh,BOUGHT,unit,nl
unit,bb,BOUGHT,unit,tg
unit,xt,BOUGHT,unit,if
unit,hb,BOUGHT,unit,ss
unit,yp,BOUGHT,unit,og
unit,xm,BOUGHT,unit,rn
unit,mt,BOUGHT,unit,ik
unit,ql,BOUGHT,unit,qj
unit,we,BOUGHT,unit,bo
unit,iw,BOUGHT,unit,zs
unit,rk,BOUGHT,unit,zg
unit,oz,BOUGHT,unit,ra
unit,hc,BOUGHT,unit,pz
unit,ik,BOUGHT,unit,ss
unit,df,BOUGHT,unit,zr
unit,eu,BOUGHT,unit,lt
unit,ol,BOUGHT,unit,px
unit,we,BOUGHT,unit,zl
unit,yv,BOUGHT,unit,kl
unit,ua,BOUGHT,unit,tp
unit,xk,BOUGHT,unit,ba
unit,hs,BOUGHT,unit,ab
unit,np,BOUGHT,unit,xo
unit,xp,BOUGHT,unit,ew
unit,id,BOUGHT,unit,ej
unit,ul,BOUGHT,unit,hu
unit,sj,BOUGHT,unit,zl
unit,cq,BOUGHT,unit,vd
unit,dl,BOUGHT,unit,gk
unit,gc,BOUGHT,unit,zn
unit,lu,BOUGHT,unit,jc
unit,vv,BOUGHT,unit,rf
unit,bm,BOUGHT,unit,pl
unit,we,BOUGHT,unit,ua
unit,fn,BOUGHT,unit,lr
unit,ix,BOUGHT,unit,ho
unit,wr,BOUGHT,unit,ti
unit,np,BOUGHT,unit,rw
unit,cs,BOUGHT,unit,jv
unit,sn,BOUGHT,unit,fu
unit,im,BOUGHT,unit,oz
unit,xt,BOUGHT,unit,ym
unit,je,BOUGHT,unit,ca
unit,gb,BOUGHT,unit,au
unit,id,BOUGHT,unit,us
unit,if,BOUGHT,unit,tj
unit,nq,BOUGHT,unit,lv
unit,vf,BOUGHT,unit,st
unit,hl,BOUGHT,unit,dq
unit,px,BOUGHT,unit,rg
unit,pu,BOUGHT,unit,zr
unit,ft,BOUGHT,unit,ga
unit,ra,BOUGHT,unit,vi
unit,zl,BOUGHT,unit,bo
unit,du,BOUGHT,unit,lw
unit,na,BOUGHT,unit,yd
unit,yf,BOUGHT,unit,do
unit,vd,BOUGHT,unit,nh
unit,kq,BOUGHT,unit,cs
unit,vx,BOUGHT,unit,mg
unit,wi,BOUGHT,unit,vn
unit,li,BOUGHT,unit,cj
unit,ei,BOUGHT,unit,zc
unit,qb,BOUGHT,unit,xb
unit,dj,BOUGHT,unit,or
unit,qp,BOUGHT,unit,ua
unit,ls,BOUGHT,unit,hb
unit,lt,BOUGHT,unit,cm
unit,et,BOUGHT,unit,iw
unit,ku,BOUGHT,unit,di
unit,ly,BOUGHT,unit,jc
unit,by,BOUGHT,unit,rd
unit,jn,BOUGHT,unit,xt
unit,cb,BOUGHT,unit,yf
unit,zd,BOUGHT,unit,kt
unit,se,BOUGHT,unit,bw
unit,xj,BOUGHT,unit,wr
unit,ki,BOUGHT,unit,ic
unit,yj,BOUGHT,unit,mj
unit,gr,BOUGHT,unit,cz
unit,vd,BOUGHT,unit,ck
unit,mm,BOUGHT,unit,ov
unit,wg,BOUGHT,unit,mm
unit,ek,BOUGHT,unit,ks
unit,ry,BOUGHT,unit,ua
unit,le,BOUGHT,unit,bk
unit,vg,BOUGHT,unit,yi
unit,hl,BOUGHT,unit,cm
unit,fl,BOUGHT,unit,rp
unit,ul,BOUGHT,unit,ll
unit,mb,BOUGHT,unit,ro
unit,mr,BOUGHT,unit,ph
unit,mg,BOUGHT,unit,jz
unit,in,BOUGHT,unit,ag
unit,bw,BOUGHT,unit,ty
unit,xx,BOUGHT,unit,hq
unit,ua,BOUGHT,unit,sc
unit,ij,BOUGHT,unit,rx
unit,hm,BOUGHT,unit,lp
unit,mn,BOUGHT,unit,ba
unit,nt,BOUGHT,unit,ji
unit,uc,BOUGHT,unit,jc
unit,dq,BOUGHT,unit,eu
unit,kf,BOUGHT,unit,xf
unit,pv,BOUGHT,unit,ni
unit,oy,BOUGHT,unit,oj
unit,ye,BOUGHT,unit,gr
unit,tu,BOUGHT,unit,ss
unit,ra,BOUGHT,unit,yk
unit,rc,BOUGHT,unit,kk
unit,ti,BOUGHT,unit,zf
unit,qy,BOUGHT,unit,mw
unit,jh,BOUGHT,unit,se
unit,ch,BOUGHT,unit,jz
unit,kc,BOUGHT,unit,et
unit,zm,BOUGHT,unit,nl
unit,dc,BOUGHT,unit,li
unit,ks,BOUGHT,unit,ls
unit,eb,BOUGHT,unit,ih
unit,xe,BOUGHT,unit,rf
unit,am,BOUGHT,unit,ea
unit,hg,BOUGHT,unit,rt
unit,pn,BOUGHT,unit,ih
unit,jr,BOUGHT,unit,uu
unit,ys,BOUGHT,unit,pc
unit,ou,BOUGHT,unit,nz
unit,bv,BOUGHT,unit,tj
unit,rq,BOUGHT,unit,tf
unit,vp,BOUGHT,unit,zg
unit,zh,BOUGHT,unit,uw
unit,jg,BOUGHT,unit,rv
unit,eg,BOUGHT,unit,tm
unit,fs,BOUGHT,unit,ed
unit,fp,BOUGHT,unit,uw
unit,om,BOUGHT,unit,no
unit,tx,BOUGHT,unit,uj
unit,zd,BOUGHT,unit,ud
unit,lu,BOUGHT,unit,gv
unit,by,BOUGHT,unit,fp
unit,qp,BOUGHT,unit,gl
unit,cy,BOUGHT,unit,vr
unit,tj,BOUGHT,unit,no
unit,xo,BOUGHT,unit,rw
unit,nz,BOUGHT,unit,ag
unit,ta,BOUGHT,unit,ix
unit,ik,BOUGHT,unit,cd
unit,ec,BOUGHT,unit,lg
unit,rr,BOUGHT,unit,od
unit,op,BOUGHT,unit,tt
unit,ez,BOUGHT,unit,gt
unit,tu,BOUGHT,unit,zi
unit,gt,BOUGHT,unit,pi
unit,rk,BOUGHT,unit,mh
unit,bm,BOUGHT,unit,iu
unit,wa,BOUGHT,unit,wy
unit,vi,BOUGHT,unit,oh
unit,du,BOUGHT,unit,yb
unit,nt,BOUGHT,unit,nc
unit,gx,BOUGHT,unit,fj
unit,bv,BOUGHT,unit,is
unit,zh,BOUGHT,unit,tk
unit,dg,BOUGHT,unit,xy
unit,bs,BOUGHT,unit,zi
unit,rr,BOUGHT,unit,jh
unit,zh,BOUGHT,unit,pv
unit,qb,BOUGHT,unit,ot
unit,ss,BOUGHT,unit,zz
unit,qz,BOUGHT,unit,vi
unit,sf,BOUGHT,unit,xo
unit,sv,BOUGHT,unit,pl
unit,yc,BOUGHT,unit,tq
unit,pz,BOUGHT,unit,ta
unit,ix,BOUGHT,unit,jd
unit,iw,BOUGHT,unit,pm
unit,df,BOUGHT,unit,ne
unit,qj,BOUGHT,unit,nu
unit,yr,BOUGHT,unit,sh
unit,jw,BOUGHT,unit,xf
unit,el,BOUGHT,unit,rs
unit,pb,BOUGHT,unit,yc
unit,qh,BOUGHT,unit,aj
unit,fz,BOUGHT,unit,sb
unit,qv,BOUGHT,unit,kf
unit,as,BOUGHT,unit,zy
unit,ic,BOUGHT,unit,id
unit,wx,BOUGHT,unit,al
unit,za,BOUGHT,unit,vf
unit,oj,BOUGHT,unit,pr
unit,gh,BOUGHT,unit,no
unit,rd,BOUGHT,unit,oi
unit,ur,BOUGHT,unit,cn
unit,hq,BOUGHT,unit,zm
unit,dh,BOUGHT,unit,qq
unit,ov,BOUGHT,unit,tx
unit,bo,BOUGHT,unit,ry
unit,uv,BOUGHT,unit,np
unit,dk,BOUGHT,unit,zo
unit,el,BOUGHT,unit,dj
unit,tn,BOUGHT,unit,iv
unit,rp,BOUGHT,unit,qp
unit,re,BOUGHT,unit,xm
unit,ti,BOUGHT,unit,jt
unit,ue,BOUGHT,unit,mq
unit,mm,BOUGHT,unit,tx
unit,xj,BOUGHT,unit,jn
unit,ad,BOUGHT,unit,ts
unit,cz,BOUGHT,unit,dj
unit,lp,BOUGHT,unit,ij
unit,ym,BOUGHT,unit,if
unit,ro,BOUGHT,unit,kq
unit,ut,BOUGHT,unit,aa
unit,pn,BOUGHT,unit,xg
unit,vc,BOUGHT,unit,nv
unit,od,BOUGHT,unit,rj
unit,wv,BOUGHT,unit,kp
unit,bo,BOUGHT,unit,ax
unit,vv,BOUGHT,unit,be
unit,fi,BOUGHT,unit,kj
unit,ud,BOUGHT,unit,hf
unit,xm,BOUGHT,unit,fw
unit,yp,BOUGHT,unit,nb
unit,xh,BOUGHT,unit,mr
unit,cg,BOUGHT,unit,ut
unit,kb,BOUGHT,unit,ve
unit,xe,BOUGHT,unit,wo
unit,ku,BOUGHT,unit,es
unit,zd,BOUGHT,unit,zp
unit,st,BOUGHT,unit,sp
unit,dg,BOUGHT,unit,sk
unit,kz,BOUGHT,unit,eu
unit,kb,BOUGHT,unit,bt
unit,po,BOUGHT,unit,aj
unit,uw,BOUGHT,unit,al
unit,lq,BOUGHT,unit,kx
unit,wi,BOUGHT,unit,ud
unit,ql,BOUGHT,unit,ah
unit,ef,BOUGHT,unit,mg
unit,in,BOUGHT,unit,fi
unit,ts,BOUGHT,unit,sp
unit,of,BOUGHT,unit,ri
unit,bl,BOUGHT,unit,ks
unit,ax,BOUGHT,unit,ua
unit,zy,BOUGHT,unit,ur
unit,tf,BOUGHT,unit,xi
unit,sp,BOUGHT,unit,rm
unit,lp,BOUGHT,unit,tl
unit,tg,BOUGHT,unit,ti
unit,xm,BOUGHT,unit,co
unit,zy,BOUGHT,unit,ag
unit,xw,BOUGHT,unit,yj
unit,ol,BOUGHT,unit,rc
unit,as,BOUGHT,unit,qs
unit,jl,BOUGHT,unit,tf
unit,gu,BOUGHT,unit,zr
unit,hj,BOUGHT,unit,sv
unit,lk,BOUGHT,unit,gp
unit,ex,BOUGHT,unit,hh
unit,vg,BOUGHT,unit,ou
unit,rs,BOUGHT,unit,gr
unit,vj,BOUGHT,unit,wl
unit,rf,BOUGHT,unit,ko
unit,ll,BOUGHT,unit,zu
unit,lc,BOUGHT,unit,kj
unit,hr,BOUGHT,unit,nu
unit,qu,BOUGHT,unit,bi
unit,iv,BOUGHT,unit,kx
unit,fq,BOUGHT,unit,op
unit,xh,BOUGHT,unit,vj
unit,ol,BOUGHT,unit,jq
unit,zn,BOUGHT,unit,wh
unit,iq,BOUGHT,unit,ex
unit,kw,BOUGHT,unit,ri
unit,pn,BOUGHT,unit,fw
unit,qz,BOUGHT,unit,af
unit,bt,BOUGHT,unit,yb
unit,iw,BOUGHT,unit,kc
unit,ri,BOUGHT,unit,ja
unit,aw,BOUGHT,unit,pi
unit,mk,BOUGHT,unit,xi
unit,sr,BOUGHT,unit,ex
unit,og,BOUGHT,unit,hh
unit,rm,BOUGHT,unit,ad
unit,vx,BOUGHT,unit,wk
unit,fr,BOUGHT,unit,xu
unit,xe,BOUGHT,unit,li
unit,ut,BOUGHT,unit,jf
unit,tl,BOUGHT,unit,xa
unit,yu,BOUGHT,unit,pl
unit,ni,BOUGHT,unit,zh
unit,xv,BOUGHT,unit,zc
unit,if,BOUGHT,unit,oz
unit,qp,BOUGHT,unit,bo
unit,jc,BOUGHT,unit,gv
unit,vf,BOUGHT,unit,zi
unit,pg,BOUGHT,unit,ck
unit,gv,BOUGHT,unit,uc
unit,mc,BOUGHT,unit,cz
unit,nk,BOUGHT,unit,na
unit,tl,BOUGHT,unit,re
unit,om,BOUGHT,unit,tj
unit,dc,BOUGHT,unit,cj
unit,zt,BOUGHT,unit,ji
unit,an,BOUGHT,unit,ob
unit,qm,BOUGHT,unit,yr
unit,be,BOUGHT,unit,wo
unit,cu,BOUGHT,unit,id
unit,vp,BOUGHT,unit,qj
unit,lk,BOUGHT,unit,qc
unit,pm,BOUGHT,unit,zb
unit,fc,BOUGHT,unit,es
unit,mj,BOUGHT,unit,bf
unit,qz,BOUGHT,unit,tn
unit,tm,BOUGHT,unit,pf
unit,in,BOUGHT,unit,ff
unit,ls,BOUGHT,unit,zz
unit,bq,BOUGHT,unit,dv
unit,jz,BOUGHT,unit,wk
unit,jp,BOUGHT,unit,vo
unit,xw,BOUGHT,unit,zu
unit,uo,BOUGHT,unit,wx
unit,nj,BOUGHT,unit,gh
unit,ag,BOUGHT,unit,ou
unit,nc,BOUGHT,unit,mr
unit,pr,BOUGHT,unit,xi
unit,nr,BOUGHT,unit,ut
unit,nj,BOUGHT,unit,am
unit,zz,BOUGHT,unit,an
unit,jr,BOUGHT,unit,my
unit,vb,BOUGHT,unit,xy
unit,cz,BOUGHT,unit,qm
unit,pq,BOUGHT,unit,du
unit,rn,BOUGHT,unit,zo
unit,sj,BOUGHT,unit,fl
unit,wa,BOUGHT,unit,nf
unit,jw,BOUGHT,unit,tt
unit,oz,BOUGHT,unit,vi
unit,gx,BOUGHT,unit,fp
unit,rr,BOUGHT,unit,sm
unit,uf,BOUGHT,unit,oe
unit,jv,BOUGHT,unit,vk
unit,av,BOUGHT,unit,ij
unit,ml,BOUGHT,unit,bv
unit,wl,BOUGHT,unit,kl
unit,ku,BOUGHT,unit,vq
unit,dl,BOUGHT,unit,dv
unit,uu,BOUGHT,unit,eu
unit,fl,BOUGHT,unit,tp
unit,zd,BOUGHT,unit,ar
unit,mg,BOUGHT,unit,jg
unit,ui,BOUGHT,unit,jf
unit,hl,BOUGHT,unit,lr
unit,ad,BOUGHT,unit,lv
unit,qs,BOUGHT,unit,xe
unit,zu,BOUGHT,unit,jd
unit,ws,BOUGHT,unit,rr
unit,bq,BOUGHT,unit,fu
unit,tg,BOUGHT,unit,sk
unit,de,BOUGHT,unit,ng
unit,do,BOUGHT,unit,of
unit,zc,BOUGHT,unit,hm
unit,ht,BOUGHT,unit,xv
unit,jh,BOUGHT,unit,od
unit,hq,BOUGHT,unit,yx
unit,mf,BOUGHT,unit,wj
unit,vl,BOUGHT,unit,ne
unit,in,BOUGHT,unit,nz
unit,yd,BOUGHT,unit,nk
unit,xe,BOUGHT,unit,ko
unit,ns,BOUGHT,unit,ht
unit,ot,BOUGHT,unit,sf
unit,hz,BOUGHT,unit,xc
unit,nf,BOUGHT,unit,wy
unit,qy,BOUGHT,unit,rw
unit,fu,BOUGHT,unit,vq
unit,gm,BOUGHT,unit,bh
unit,qy,BOUGHT,unit,ab
unit,ho,BOUGHT,unit,ya
unit,qi,BOUGHT,unit,np
unit,ht,BOUGHT,unit,rh
unit,of,BOUGHT,unit,ja
unit,px,BOUGHT,unit,jq
unit,kc,BOUGHT,unit,rr
unit,zo,BOUGHT,unit,gx
unit,ro,BOUGHT,unit,zq
unit,of,BOUGHT,unit,rx
unit,nh,BOUGHT,unit,ej
unit,ax,BOUGHT,unit,rp
unit,pw,BOUGHT,unit,pb
unit,df,BOUGHT,unit,ol
unit,tq,BOUGHT,unit,hh
unit,rj,BOUGHT,unit,ti
unit,zm,BOUGHT,unit,xx
unit,gf,BOUGHT,unit,uv
unit,gm,BOUGHT,unit,pw
unit,xk,BOUGHT,unit,fq
unit,jf,BOUGHT,unit,fe
unit,bk,BOUGHT,unit,su
unit,gx,BOUGHT,unit,jw
unit,aj,BOUGHT,unit,af
unit,pn,BOUGHT,unit,ba
unit,di,BOUGHT,unit,lk
unit,jd,BOUGHT,unit,bu
unit,hs,BOUGHT,unit,ll
unit,nk,BOUGHT,unit,rq
unit,ij,BOUGHT,unit,ja
unit,np,BOUGHT,unit,qy
unit,ko,BOUGHT,unit,dc
unit,od,BOUGHT,unit,kh
unit,hl,BOUGHT,unit,gd
unit,xe,BOUGHT,unit,fr
unit,mw,BOUGHT,unit,qb
unit,gt,BOUGHT,unit,vi
unit,lk,BOUGHT,unit,qa
unit,hq,BOUGHT,unit,wy
unit,my,BOUGHT,unit,jg
unit,rv,BOUGHT,unit,mk
unit,tk,BOUGHT,unit,pv
unit,pe,BOUGHT,unit,pr
unit,cg,BOUGHT,unit,qw
unit,nb,BOUGHT,unit,pw
unit,mj,BOUGHT,unit,py
unit,ck,BOUGHT,unit,tn
unit,tl,BOUGHT,unit,do
unit,gd,BOUGHT,unit,qt
unit,hh,BOUGHT,unit,ul
unit,bo,BOUGHT,unit,gl
unit,jl,BOUGHT,unit,gz
unit,yr,BOUGHT,unit,gr
unit,zc,BOUGHT,unit,os
unit,sd,BOUGHT,unit,oy
unit,rj,BOUGHT,unit,tg
unit,it,BOUGHT,unit,jz
unit,wo,BOUGHT,unit,za
unit,hg,BOUGHT,unit,md
unit,rx,BOUGHT,unit,io
unit,we,BOUGHT,unit,qp
unit,ar,BOUGHT,unit,zn
unit,ve,BOUGHT,unit,bl
unit,ma,BOUGHT,unit,bk
unit,xc,BOUGHT,unit,bf
unit,ah,BOUGHT,unit,vp
unit,bv,BOUGHT,unit,nl
unit,nm,BOUGHT,unit,oo
unit,kp,BOUGHT,unit,hq
unit,ji,BOUGHT,unit,rh
unit,eb,BOUGHT,unit,md
unit,zw,BOUGHT,unit,nz
unit,tq,BOUGHT,unit,da
unit,lo,BOUGHT,unit,tk
unit,qu,BOUGHT,unit,ub
unit,ix,BOUGHT,unit,ya
unit,sd,BOUGHT,unit,sv
unit,kh,BOUGHT,unit,et
unit,gd,BOUGHT,unit,kr
unit,ka,BOUGHT,unit,zt
unit,an,BOUGHT,unit,hb
unit,rt,BOUGHT,unit,ih
unit,nj,BOUGHT,unit,no
unit,lm,BOUGHT,unit,mq
unit,hz,BOUGHT,unit,yr
unit,ao,BOUGHT,unit,xm
unit,be,BOUGHT,unit,xe
unit,tm,BOUGHT,unit,fi
unit,pg,BOUGHT,unit,dy
unit,yx,BOUGHT,unit,ep
unit,at,BOUGHT,unit,wc
unit,jm,BOUGHT,unit,nr
unit,ud,BOUGHT,unit,zn
unit,gl,BOUGHT,unit,sc
unit,jq,BOUGHT,unit,ne
unit,ab,BOUGHT,unit,ll
unit,rl,BOUGHT,unit,aa
unit,te,BOUGHT,unit,nh
unit,qa,BOUGHT,unit,es
unit,je,BOUGHT,unit,pq
unit,sh,BOUGHT,unit,mc
unit,vd,BOUGHT,unit,qv
unit,wx,BOUGHT,unit,tc
unit,mw,BOUGHT,unit,rw
unit,tm,BOUGHT,unit,kj
unit,gi,BOUGHT,unit,sv
unit,iq,BOUGHT,unit,tm
unit,fe,BOUGHT,unit,nr
unit,ab,BOUGHT,unit,lm
unit,pa,BOUGHT,unit,zd
unit,fq,BOUGHT,unit,pn
unit,tr,BOUGHT,unit,fp
unit,xw,BOUGHT,unit,vc
unit,vb,BOUGHT,unit,ql
unit,aa,BOUGHT,unit,ui
unit,lq,BOUGHT,unit,lx
unit,fz,BOUGHT,unit,qj
unit,ix,BOUGHT,unit,wa
unit,fe,BOUGHT,unit,aa
unit,cd,BOUGHT,unit,hk
unit,zd,BOUGHT,unit,wi
unit,vc,BOUGHT,unit,xc
unit,on,BOUGHT,unit,jm
unit,ph,BOUGHT,unit,qi
unit,ox,BOUGHT,unit,jt
unit,vf,BOUGHT,unit,sp
unit,dq,BOUGHT,unit,lr
unit,ub,BOUGHT,unit,nh
unit,mn,BOUGHT,unit,md
unit,to,BOUGHT,unit,sw
unit,wx,BOUGHT,unit,pd
unit,ay,BOUGHT,unit,gc
unit,ki,BOUGHT,unit,vm
unit,dv,BOUGHT,unit,gk
unit,ii,BOUGHT,unit,bf
unit,rd,BOUGHT,unit,zo
unit,rn,BOUGHT,unit,ly
unit,oh,BOUGHT,unit,aw
unit,xb,BOUGHT,unit,vb
unit,ew,BOUGHT,unit,zq
unit,lr,BOUGHT,unit,eu
unit,na,BOUGHT,unit,di
unit,wr,BOUGHT,unit,dg
unit,qm,BOUGHT,unit,or
unit,es,BOUGHT,unit,fu
unit,qt,BOUGHT,unit,kr
unit,os,BOUGHT,unit,ji
unit,ml,BOUGHT,unit,iy
unit,ec,BOUGHT,unit,cd
unit,ao,BOUGHT,unit,rn
unit,as,BOUGHT,unit,in
unit,ks,BOUGHT,unit,ca
unit,lk,BOUGHT,unit,fu
unit,zw,BOUGHT,unit,in
unit,ew,BOUGHT,unit,ka
unit,lk,BOUGHT,unit,es
unit,pj,BOUGHT,unit,so
unit,jt,BOUGHT,unit,bb
unit,sd,BOUGHT,unit,jv
unit,at,BOUGHT,unit,jh
unit,is,BOUGHT,unit,no
unit,zz,BOUGHT,unit,cd
unit,ka,BOUGHT,unit,xv
unit,zt,BOUGHT,unit,ei
unit,zn,BOUGHT,unit,zp
unit,lu,BOUGHT,unit,xm
unit,yk,BOUGHT,unit,pi
unit,se,BOUGHT,unit,et
unit,md,BOUGHT,unit,fq
unit,cb,BOUGHT,unit,ud
unit,za,BOUGHT,unit,zi
unit,id,BOUGHT,unit,lg
unit,be,BOUGHT,unit,ny
unit,eb,BOUGHT,unit,mn
unit,qf,BOUGHT,unit,tc
unit,qe,BOUGHT,unit,bx
unit,oz,BOUGHT,unit,pi
unit,an,BOUGHT,unit,bx
unit,tl,BOUGHT,unit,ze
unit,fw,BOUGHT,unit,lu
unit,if,BOUGHT,unit,pi
unit,ez,BOUGHT,unit,ra
unit,sw,BOUGHT,unit,xr
unit,kk,BOUGHT,unit,df
unit,no,BOUGHT,unit,ea
unit,hi,BOUGHT,unit,mn
unit,ea,BOUGHT,unit,yv
unit,up,BOUGHT,unit,aq
unit,fp,BOUGHT,unit,xf
unit,ep,BOUGHT,unit,lz
unit,jg,BOUGHT,unit,hk
unit,oz,BOUGHT,unit,ez
unit,mk,BOUGHT,unit,rq
unit,yd,BOUGHT,unit,mk
unit,yp,BOUGHT,unit,hh
unit,hi,BOUGHT,unit,hg
unit,xb,BOUGHT,unit,ah
unit,oj,BOUGHT,unit,bm
unit,an,BOUGHT,unit,cd
unit,lr,BOUGHT,unit,uu
unit,tm,BOUGHT,unit,yq
unit,ml,BOUGHT,unit,nj
unit,md,BOUGHT,unit,op
unit,cy,BOUGHT,unit,zy
unit,ne,BOUGHT,unit,la
unit,aa,BOUGHT,unit,lo
unit,ah,BOUGHT,unit,nu
unit,pz,BOUGHT,unit,vj
unit,fz,BOUGHT,unit,xb
unit,gr,BOUGHT,unit,el
unit,ub,BOUGHT,unit,qv
unit,uc,BOUGHT,unit,rn
unit,af,BOUGHT,unit,fs
unit,aa,BOUGHT,unit,qw
unit,vg,BOUGHT,unit,ur
unit,yj,BOUGHT,unit,qo
unit,xz,BOUGHT,unit,jl
unit,fb,BOUGHT,unit,jb
unit,mb,BOUGHT,unit,xp
unit,dn,BOUGHT,unit,qf
unit,hl,BOUGHT,unit,qt
unit,xu,BOUGHT,unit,dc
unit,ch,BOUGHT,unit,jg
unit,tr,BOUGHT,unit,lb
unit,yv,BOUGHT,unit,tj
unit,nr,BOUGHT,unit,ui
unit,hr,BOUGHT,unit,ah
unit,vp,BOUGHT,unit,hr
unit,px,BOUGHT,unit,pu
unit,li,BOUGHT,unit,be
unit,nb,BOUGHT,unit,hh
unit,hj,BOUGHT,unit,oj
unit,al,BOUGHT,unit,jb
unit,xj,BOUGHT,unit,rj
unit,hi,BOUGHT,unit,ih
unit,nz,BOUGHT,unit,yi
unit,al,BOUGHT,unit,qd
unit,av,BOUGHT,unit,of
unit,pf,BOUGHT,unit,sr
unit,jn,BOUGHT,unit,wr
unit,kl,BOUGHT,unit,ap
unit,aq,BOUGHT,unit,pj
unit,ho,BOUGHT,unit,ap
unit,ui,BOUGHT,unit,on
unit,pj,BOUGHT,unit,dl
unit,oz,BOUGHT,unit,xt
unit,xj,BOUGHT,unit,jt
unit,lc,BOUGHT,unit,vu
unit,fq,BOUGHT,unit,ba
unit,du,BOUGHT,unit,ek
unit,lh,BOUGHT,unit,rn
unit,rc,BOUGHT,unit,px
unit,rd,BOUGHT,unit,gx
unit,tr,BOUGHT,unit,ol
unit,uo,BOUGHT,unit,uw
unit,yq,BOUGHT,unit,pf
unit,gh,BOUGHT,unit,nv
unit,ro,BOUGHT,unit,de
unit,ho,BOUGHT,unit,wl
unit,bi,BOUGHT,unit,cq
unit,pq,BOUGHT,unit,lw
unit,qp,BOUGHT,unit,ry
unit,qt,BOUGHT,unit,kz
unit,no,BOUGHT,unit,am
unit,pm,BOUGHT,unit,qm
unit,ka,BOUGHT,unit,hm
unit,xq,BOUGHT,unit,ei
unit,ek,BOUGHT,unit,kb
unit,ba,BOUGHT,unit,rt
unit,gf,BOUGHT,unit,mw
unit,ny,BOUGHT,unit,mp
unit,zu,BOUGHT,unit,fv
unit,og,BOUGHT,unit,nb
unit,ma,BOUGHT,unit,oe
unit,ny,BOUGHT,unit,vv
unit,fv,BOUGHT,unit,jd
unit,nt,BOUGHT,unit,ty
unit,fl,BOUGHT,unit,sc
unit,lh,BOUGHT,unit,fw
unit,mj,BOUGHT,unit,hn
unit,lu,BOUGHT,unit,co
unit,uv,BOUGHT,unit,ae
unit,hl,BOUGHT,unit,lt
unit,bt,BOUGHT,unit,pq
unit,or,BOUGHT,unit,sh
unit,ur,BOUGHT,unit,as
unit,po,BOUGHT,unit,lq
unit,mp,BOUGHT,unit,li
unit,pg,BOUGHT,unit,vd
unit,hn,BOUGHT,unit,vc
unit,ac,BOUGHT,unit,xi
unit,zw,BOUGHT,unit,as
unit,nc,BOUGHT,unit,ph
unit,ct,BOUGHT,unit,kp
unit,cg,BOUGHT,unit,jf
unit,nt,BOUGHT,unit,pc
unit,se,BOUGHT,unit,qj
unit,op,BOUGHT,unit,hg
unit,ql,BOUGHT,unit,nu
unit,kp,BOUGHT,unit,lz
unit,or,BOUGHT,unit,xx
unit,rc,BOUGHT,unit,vl
unit,nh,BOUGHT,unit,qv
unit,ne,BOUGHT,unit,ol
unit,ez,BOUGHT,unit,yk
unit,gu,BOUGHT,unit,df
unit,uo,BOUGHT,unit,zh
unit,ox,BOUGHT,unit,bb
unit,rs,BOUGHT,unit,ye
unit,mz,BOUGHT,unit,bf
unit,lh,BOUGHT,unit,lu
unit,qs,BOUGHT,unit,vg
unit,je,BOUGHT,unit,ks
unit,lb,BOUGHT,unit,zo
unit,du,BOUGHT,unit,kb
unit,ae,BOUGHT,unit,qb
unit,sp,BOUGHT,unit,tu
unit,we,BOUGHT,unit,ax
unit,qh,BOUGHT,unit,po
unit,yr,BOUGHT,unit,or
unit,jc,BOUGHT,unit,ao
unit,yu,BOUGHT,unit,bm
unit,zw,BOUGHT,unit,ff
unit,wu,BOUGHT,unit,rn
unit,ws,BOUGHT,unit,at
unit,zw,BOUGHT,unit,ne
unit,fn,BOUGHT,unit,cm
unit,ur,BOUGHT,unit,ou
unit,bu,BOUGHT,unit,lm
unit,fs,BOUGHT,unit,qh
unit,xy,BOUGHT,unit,ql
unit,fr,BOUGHT,unit,dc
unit,tr,BOUGHT,unit,oi
unit,nl,BOUGHT,unit,iy
unit,la,BOUGHT,unit,jq
unit,om,BOUGHT,unit,nl
unit,aa,BOUGHT,unit,cg
unit,mm,BOUGHT,unit,kh
unit,jw,BOUGHT,unit,fp
unit,ws,BOUGHT,unit,kc
unit,pc,BOUGHT,unit,ty
unit,yb,BOUGHT,unit,ek
unit,ot,BOUGHT,unit,qy
unit,dl,BOUGHT,unit,zh
unit,ga,BOUGHT,unit,ng
unit,fs,BOUGHT,unit,lx
unit,wh,BOUGHT,unit,vn
unit,oh,BOUGHT,unit,yk
unit,wi,BOUGHT,unit,gc
unit,ym,BOUGHT,unit,yk
unit,fl,BOUGHT,unit,qp
unit,su,BOUGHT,unit,oe
unit,kh,BOUGHT,unit,wc
unit,ep,BOUGHT,unit,xx
unit,hn,BOUGHT,unit,xc
unit,ng,BOUGHT,unit,ew
unit,tx,BOUGHT,unit,cu
unit,ew,BOUGHT,unit,de
unit,hg,BOUGHT,unit,xk
unit,zz,BOUGHT,unit,qe
unit,iy,BOUGHT,unit,am
unit,up,BOUGHT,unit,wt
unit,ur,BOUGHT,unit,zw
unit,wh,BOUGHT,unit,yf
unit,xz,BOUGHT,unit,tm
unit,as,BOUGHT,unit,cn
unit,rw,BOUGHT,unit,uv
unit,hg,BOUGHT,unit,pn
unit,pn,BOUGHT,unit,md
unit,du,BOUGHT,unit,bl
unit,uu,BOUGHT,unit,ar
unit,aw,BOUGHT,unit,vi
unit,lz,BOUGHT,unit,ot
unit,de,BOUGHT,unit,ga
unit,zh,BOUGHT,unit,tc
unit,bf,BOUGHT,unit,nv
unit,wl,BOUGHT,unit,ix
unit,gz,BOUGHT,unit,yd
unit,xf,BOUGHT,unit,dk
unit,wi,BOUGHT,unit,cb
unit,uj,BOUGHT,unit,of
unit,gp,BOUGHT,unit,df
unit,ex,BOUGHT,unit,vu
unit,nr,BOUGHT,unit,lo
unit,ly,BOUGHT,unit,gy
unit,vg,BOUGHT,unit,xo
unit,nj,BOUGHT,unit,nl
unit,vr,BOUGHT,unit,rv
unit,pu,BOUGHT,unit,la
unit,mj,BOUGHT,unit,mz
unit,vx,BOUGHT,unit,ch
unit,rr,BOUGHT,unit,se
unit,hm,BOUGHT,unit,ji
unit,rv,BOUGHT,unit,jz
unit,nr,BOUGHT,unit,vq
unit,zc,BOUGHT,unit,xq
unit,sf,BOUGHT,unit,np
unit,um,BOUGHT,unit,su
unit,yj,BOUGHT,unit,py
unit,ot,BOUGHT,unit,td
unit,de,BOUGHT,unit,xr
unit,ch,BOUGHT,unit,wk
unit,pr,BOUGHT,unit,na
unit,mk,BOUGHT,unit,tf
unit,je,BOUGHT,unit,lw
unit,rx,BOUGHT,unit,do
unit,dk,BOUGHT,unit,fp
unit,gd,BOUGHT,unit,uu
unit,cu,BOUGHT,unit,dt
unit,xr,BOUGHT,unit,ga
unit,cs,BOUGHT,unit,iu
unit,hs,BOUGHT,unit,zu
unit,um,BOUGHT,unit,ma
unit,lh,BOUGHT,unit,jc
unit,jq,BOUGHT,unit,vl
unit,uw,BOUGHT,unit,tc
unit,om,BOUGHT,unit,nj
unit,lb,BOUGHT,unit,rd
unit,te,BOUGHT,unit,zk
unit,hz,BOUGHT,unit,xw
unit,bx,BOUGHT,unit,ec
unit,zm,BOUGHT,unit,ep
unit,pb,BOUGHT,unit,tq
unit,vk,BOUGHT,unit,yu
unit,uo,BOUGHT,unit,tk
unit,ms,BOUGHT,unit,us
unit,zy,BOUGHT,unit,qs
unit,au,BOUGHT,unit,sc
unit,wy,BOUGHT,unit,lz
unit,ub,BOUGHT,unit,xi
unit,pl,BOUGHT,unit,vk
unit,do,BOUGHT,unit,ze
unit,wj,BOUGHT,unit,kj
unit,od,BOUGHT,unit,ws
unit,ih,BOUGHT,unit,md
unit,pu,BOUGHT,unit,vl
unit,vu,BOUGHT,unit,sr
unit,le,BOUGHT,unit,uf
unit,al,BOUGHT,unit,gu
unit,na,BOUGHT,unit,ac
unit,oe,BOUGHT,unit,kw
unit,pw,BOUGHT,unit,lb
unit,mu,BOUGHT,unit,kp