Node Type, Name
unit,aa
unit,ab
unit,ac
unit,ad
unit,ae
unit,af
unit,ag
unit,ah
unit,aj
unit,al
unit,am
unit,an
unit,ao
unit,ap
unit,aq
unit,ar
unit,as
unit,at
unit,au
unit,av
unit,aw
unit,ax
unit,ay
unit,ba
unit,bb
unit,bd
unit,be
unit,bf
unit,bh
unit,bi
unit,bk
unit,bl
unit,bm
unit,bn
unit,bo
unit,bq
unit,bs
unit,bt
unit,bu
unit,bv
unit,bw
unit,bx
unit,by
unit,ca
unit,cb
unit,cd
unit,cg
unit,ch
unit,cj
unit,ck
unit,cm
unit,cn
unit,co
unit,cp
unit,cq
unit,cs
unit,ct
unit,cu
unit,cy
unit,cz
unit,da
unit,dc
unit,de
unit,df
unit,dg
unit,dh
unit,di
unit,dj
unit,dk
unit,dl
unit,dn
unit,do
unit,dq
unit,dt
unit,du
unit,dv
unit,dy
unit,ea
unit,eb
unit,ec
unit,ed
unit,ef
unit,eg
unit,ei
unit,ej
unit,ek
unit,el
unit,ep
unit,es
unit,et
unit,eu
unit,ew
unit,ex
unit,ez
unit,fb
unit,fc
unit,fe
unit,ff
unit,fi
unit,fj
unit,fl
unit,fn
unit,fp
unit,fq
unit,fr
unit,fs
unit,ft
unit,fu
unit,fv
unit,fw
unit,fz
unit,ga
unit,gb
unit,gc
unit,gd
unit,gf
unit,gh
unit,gi
unit,gk
unit,gl
unit,gm
unit,go
unit,gp
unit,gr
unit,gt
unit,gu
unit,gv
unit,gx
unit,gy
unit,gz
unit,hb
unit,hc
unit,hf
unit,hg
unit,hh
unit,hi
unit,hj
unit,hk
unit,hl
unit,hm
unit,hn
unit,ho
unit,hq
unit,hr
unit,hs
unit,ht
unit,hu
unit,hz
unit,ic
unit,id
unit,if
unit,ih
unit,ii
unit,ij
unit,ik
unit,im
unit,in
unit,io
unit,iq
unit,is
unit,it
unit,iu
unit,iv
unit,iw
unit,ix
unit,iy
unit,ja
unit,jb
unit,jc
unit,jd
unit,je
unit,jf
unit,jg
unit,jh
unit,ji
unit,jl
unit,jm
unit,jn
unit,jp
unit,jq
unit,jr
unit,jt
unit,jv
unit,jw
unit,jz
unit,ka
unit,kb
unit,kc
unit,ke
unit,kf
unit,kh
unit,ki
unit,kj
unit,kk
unit,kl
unit,ko
unit,kp
unit,kq
unit,kr
unit,ks
unit,kt
unit,ku
unit,kw
unit,kx
unit,kz
unit,la
unit,lb
unit,lc
unit,le
unit,lg
unit,lh
unit,li
unit,lk
unit,ll
unit,lm
unit,lo
unit,lp
unit,lq
unit,lr
unit,ls
unit,lt
unit,lu
unit,lv
unit,lw
unit,lx
unit,ly
unit,lz
unit,ma
unit,mb
unit,mc
unit,md
unit,mf
unit,mg
unit,mh
unit,mj
unit,mk
unit,ml
unit,mm
unit,mn
unit,mp
unit,mq
unit,mr
unit,ms
unit,mt
unit,mu
unit,mv
unit,mw
unit,mx
unit,my
unit,mz
unit,na
unit,nb
unit,nc
unit,ne
unit,nf
unit,ng
unit,nh
unit,ni
unit,nj
unit,nk
unit,nl
unit,nm
unit,no
unit,np
unit,nq
unit,nr
unit,ns
unit,nt
unit,nu
unit,nv
unit,ny
unit,nz
unit,ob
unit,od
unit,oe
unit,of
unit,og
unit,oh
unit,oi
unit,oj
unit,ol
unit,om
unit,on
unit,oo
unit,op
unit,or
unit,os
unit,ot
unit,ou
unit,ov
unit,ox
unit,oy
unit,oz
unit,pa
unit,pb
unit,pc
unit,pd
unit,pe
unit,pf
unit,pg
unit,ph
unit,pi
unit,pj
unit,pl
unit,pm
unit,pn
unit,po
unit,pq
unit,pr
unit,pu
unit,pv
unit,pw
unit,px
unit,py
unit,pz
unit,qa
unit,qb
unit,qc
unit,qd
unit,qe
unit,qf
unit,qh
unit,qi
unit,qj
unit,ql
unit,qm
unit,qo
unit,qp
unit,qq
unit,qs
unit,qt
unit,qu
unit,qv
unit,qw
unit,qy
unit,qz
unit,ra
unit,rb
unit,rc
unit,rd
unit,re
unit,rf
unit,rg
unit,rh
unit,ri
unit,rj
unit,rk
unit,rl
unit,rm
unit,rn
unit,ro
unit,rp
unit,rq
unit,rr
unit,rs
unit,rt
unit,rv
unit,rw
unit,rx
unit,ry
unit,sb
unit,sc
unit,sd
unit,se
unit,sf
unit,sh
unit,sj
unit,sk
unit,sm
unit,sn
unit,so
unit,sp
unit,sr
unit,ss
unit,st
unit,su
unit,sv
unit,sw
unit,ta
unit,tc
unit,td
unit,te
unit,tf
unit,tg
unit,ti
unit,tj
unit,tk
unit,tl
unit,tm
unit,tn
unit,to
unit,tp
unit,tq
unit,tr
unit,ts
unit,tt
unit,tu
unit,tv
unit,tx
unit,ty
unit,ua
unit,ub
unit,uc
unit,ud
unit,ue
unit,uf
unit,ui
unit,uj
unit,ul
unit,um
unit,uo
unit,up
unit,uq
unit,ur
unit,us
unit,ut
unit,uu
unit,uv
unit,uw
unit,vb
unit,vc
unit,vd
unit,ve
unit,vf
unit,vg
unit,vi
unit,vj
unit,vk
unit,vl
unit,vm
unit,vn
unit,vo
unit,vp
unit,vq
unit,vr
unit,vt
unit,vu
unit,vv
unit,vx
unit,wa
unit,wc
unit,we
unit,wg
unit,wh
unit,wi
unit,wj
unit,wk
unit,wl
unit,wn
unit,wo
unit,wr
unit,ws
unit,wt
unit,wu
unit,wv
unit,wx
unit,wy
unit,xa
unit,xb
unit,xc
unit,xe
unit,xf
unit,xg
unit,xh
unit,xi
unit,xj
unit,xk
unit,xm
unit,xo
unit,xp
unit,xq
unit,xr
unit,xt
unit,xu
unit,xv
unit,xw
unit,xx
unit,xy
unit,xz
unit,ya
unit,yb
unit,yc
unit,yd
unit,ye
unit,yf
unit,yi
unit,yj
unit,yk
unit,ym
unit,yp
unit,yq
unit,yr
unit,ys
unit,yu
unit,yv
unit,yx
unit,za
unit,zb
unit,zc
unit,zd
unit,ze
unit,zf
unit,zg
unit,zh
unit,zi
unit,zk
unit,zl
unit,zm
unit,zn
unit,zo
unit,zp
unit,zq
unit,zr
unit,zs
unit,zt
unit,zu
unit,zv
unit,zw
unit,zy
unit,zz